{"stats":{"minecraft:used":{"twilightforest:stable_ice_core_spawn_egg":1,"minecraft:water_bucket":1,"minecraft:glowstone":21,"twilightforest:yeti_spawn_egg":1},"minecraft:custom":{"minecraft:jump":99,"minecraft:time_since_rest":5221,"minecraft:leave_game":1,"minecraft:damage_dealt":30,"minecraft:crouch_one_cm":593,"minecraft:sprint_one_cm":12215,"minecraft:play_time":5221,"minecraft:walk_on_water_one_cm":148,"minecraft:time_since_death":5221,"minecraft:walk_one_cm":4349,"minecraft:sneak_time":153,"minecraft:total_world_time":5221,"minecraft:fall_one_cm":209,"minecraft:fly_one_cm":64281}},"DataVersion":3465}