{"stats":{"minecraft:killed":{"minecraft:sniffer":1},"minecraft:mined":{"minecraft:grass":2},"minecraft:custom":{"minecraft:jump":88,"minecraft:time_since_rest":3366,"minecraft:damage_dealt":140,"minecraft:leave_game":1,"minecraft:sprint_one_cm":7612,"minecraft:play_time":3366,"minecraft:walk_on_water_one_cm":244,"minecraft:time_since_death":3366,"minecraft:walk_one_cm":2107,"minecraft:sneak_time":13,"minecraft:total_world_time":3366,"minecraft:walk_under_water_one_cm":224,"minecraft:mob_kills":1,"minecraft:swim_one_cm":1361,"minecraft:fall_one_cm":838,"minecraft:fly_one_cm":33650},"minecraft:used":{"minecraft:sniffer_spawn_egg":1}},"DataVersion":3465}