{"stats":{"minecraft:killed":{"minecraft:sniffer":1},"minecraft:used":{"minecraft:sand":63,"minecraft:sniffer_spawn_egg":1,"handcrafted:dark_oak_cupboard":1},"minecraft:custom":{"minecraft:time_since_rest":8495,"minecraft:damage_dealt":140,"minecraft:leave_game":2,"minecraft:play_time":8495,"minecraft:sprint_one_cm":24840,"minecraft:time_since_death":8495,"minecraft:walk_on_water_one_cm":244,"minecraft:walk_one_cm":3666,"minecraft:sneak_time":148,"minecraft:total_world_time":8495,"minecraft:walk_under_water_one_cm":224,"minecraft:mob_kills":1,"minecraft:swim_one_cm":1361,"minecraft:fall_one_cm":838,"minecraft:fly_one_cm":149626,"minecraft:jump":259},"minecraft:mined":{"minecraft:grass":2}},"DataVersion":3465}