{"stats":{"minecraft:custom":{"minecraft:jump":75,"minecraft:time_since_rest":1526,"minecraft:leave_game":1,"minecraft:sprint_one_cm":8371,"minecraft:play_time":1526,"minecraft:walk_on_water_one_cm":308,"minecraft:time_since_death":1526,"minecraft:walk_one_cm":1518,"minecraft:climb_one_cm":36,"minecraft:total_world_time":1526,"minecraft:walk_under_water_one_cm":745,"minecraft:swim_one_cm":1665,"minecraft:fall_one_cm":1732,"minecraft:fly_one_cm":19319},"minecraft:mined":{"minecraft:grass":3}},"DataVersion":3465}