{"stats":{"minecraft:killed_by":{"minecraft:creeper":1},"minecraft:picked_up":{"minecraft:water_bucket":1,"minecraft:spruce_log":1,"aether:golden_oak_sapling":1},"minecraft:custom":{"minecraft:time_since_rest":445,"minecraft:open_chest":2,"minecraft:crouch_one_cm":1683,"minecraft:sprint_one_cm":32481,"minecraft:play_time":9722,"minecraft:deaths":3,"minecraft:damage_taken":2780,"minecraft:walk_one_cm":12224,"minecraft:sneak_time":560,"minecraft:walk_under_water_one_cm":2243,"minecraft:mob_kills":1,"minecraft:drop":1,"minecraft:jump":179,"minecraft:damage_dealt":173,"minecraft:leave_game":2,"minecraft:walk_on_water_one_cm":281,"minecraft:time_since_death":412,"minecraft:total_world_time":9722,"minecraft:swim_one_cm":2527,"minecraft:interact_with_crafting_table":1,"minecraft:fall_one_cm":25969,"minecraft:fly_one_cm":154268},"minecraft:mined":{"aether:golden_oak_sapling":1},"minecraft:dropped":{"aether:golden_parachute":1},"minecraft:used":{"minecraft:glowstone":19,"minecraft:crafting_table":1,"minecraft:spruce_log":78,"aether:skyroot_water_bucket":1}},"DataVersion":3465}