{"stats":{"minecraft:killed":{"minecraft:sniffer":1,"aether:flying_cow":1},"minecraft:used":{"minecraft:glowstone":17,"minecraft:sand":63,"minecraft:sniffer_spawn_egg":1,"handcrafted:dark_oak_cupboard":1,"aether:skyroot_water_bucket":1},"minecraft:custom":{"minecraft:time_since_rest":21179,"minecraft:open_chest":4,"minecraft:crouch_one_cm":892,"minecraft:sprint_one_cm":56839,"minecraft:play_time":21179,"minecraft:walk_one_cm":12084,"minecraft:sneak_time":377,"minecraft:walk_under_water_one_cm":314,"minecraft:mob_kills":2,"minecraft:jump":597,"minecraft:damage_dealt":355,"minecraft:leave_game":4,"minecraft:walk_on_water_one_cm":812,"minecraft:time_since_death":21179,"minecraft:total_world_time":21179,"minecraft:swim_one_cm":6250,"minecraft:fall_one_cm":838,"minecraft:fly_one_cm":491840},"minecraft:mined":{"minecraft:grass":2}},"DataVersion":3465}