{"stats":{"minecraft:killed":{"minecraft:sniffer":1,"aether:flying_cow":1},"minecraft:mined":{"minecraft:grass":2},"minecraft:custom":{"minecraft:open_chest":4,"minecraft:time_since_rest":15140,"minecraft:crouch_one_cm":868,"minecraft:sprint_one_cm":38324,"minecraft:play_time":15140,"minecraft:walk_one_cm":10770,"minecraft:sneak_time":353,"minecraft:walk_under_water_one_cm":224,"minecraft:mob_kills":2,"minecraft:jump":395,"minecraft:damage_dealt":335,"minecraft:leave_game":3,"minecraft:walk_on_water_one_cm":482,"minecraft:time_since_death":15140,"minecraft:total_world_time":15140,"minecraft:swim_one_cm":5325,"minecraft:fall_one_cm":838,"minecraft:fly_one_cm":317769},"minecraft:used":{"minecraft:glowstone":17,"minecraft:sand":63,"minecraft:sniffer_spawn_egg":1,"handcrafted:dark_oak_cupboard":1,"aether:skyroot_water_bucket":1}},"DataVersion":3465}