{"stats":{"minecraft:crafted":{"minecraft:black_dye":1,"minecraft:oak_planks":84,"aether:iron_ring":1,"minecraft:cooked_chicken":4,"toolbelt:pouch":1,"minecraft:cooked_mutton":34,"twilightforest:cooked_venison":4,"minecraft:diamond_helmet":3,"minecraft:diamond_leggings":1,"minecraft:iron_boots":2,"minecraft:chest":8,"biomesoplenty:jacaranda_stairs":4,"minecraft:raw_iron_block":7,"minecraft:cooked_porkchop":6,"biomesoplenty:jacaranda_planks":260,"minecraft:diamond_axe":1,"minecraft:crafting_table":20,"minecraft:spruce_planks":28,"minecraft:wooden_pickaxe":2,"minecraft:iron_helmet":3,"minecraft:baked_potato":43,"minecraft:spruce_door":3,"biomesoplenty:fir_planks":300,"minecraft:cherry_sign":3,"minecraft:diamond_pickaxe":2,"minecraft:shield":3,"minecraft:stick":44,"minecraft:iron_ingot":191,"minecraft:stone_sword":2,"minecraft:gold_ingot":20,"twilightforest:arctic_boots":1,"aether:white_cape":1,"minecraft:cherry_planks":116,"toolbelt:belt":1,"minecraft:raw_iron":81,"minecraft:furnace":6,"minecraft:bone_meal":39,"handcrafted:brown_sheet":8,"handcrafted:fox_trophy":1,"twilightforest:twilight_oak_planks":132,"minecraft:iron_axe":1,"minecraft:stone_pickaxe":3,"minecraft:diamond_boots":3,"biomesoplenty:jacaranda_door":3,"aether:iron_pendant":1,"minecraft:cooked_beef":8,"biomesoplenty:dead_planks":8,"minecraft:bucket":3,"minecraft:stone_axe":1,"minecraft:glowstone":6,"minecraft:air":0,"aether:iron_gloves":2,"minecraft:wooden_axe":3,"minecraft:cherry_door":3,"minecraft:iron_shovel":2,"minecraft:iron_leggings":2,"minecraft:torch":212,"minecraft:lapis_block":7,"minecraft:diamond_chestplate":1},"minecraft:custom":{"minecraft:interact_with_crafting_table":115,"minecraft:open_barrel":5,"minecraft:leave_game":17,"minecraft:time_since_death":142372,"minecraft:sprint_one_cm":1206854,"minecraft:damage_blocked_by_shield":4950,"minecraft:drop":237,"minecraft:talked_to_villager":2,"minecraft:play_time":450230,"minecraft:deaths":8,"minecraft:jump":10657,"minecraft:interact_with_brewingstand":1,"minecraft:walk_on_water_one_cm":168884,"minecraft:interact_with_furnace":209,"twilightforest:uncrafting_table_interactions":4,"minecraft:sleep_in_bed":8,"minecraft:damage_dealt":27186,"minecraft:crouch_one_cm":84202,"minecraft:horse_one_cm":6526,"minecraft:mob_kills":177,"minecraft:interact_with_campfire":8,"minecraft:climb_one_cm":3531,"minecraft:walk_one_cm":691661,"minecraft:sneak_time":41742,"minecraft:walk_under_water_one_cm":179077,"minecraft:boat_one_cm":221936,"minecraft:interact_with_blast_furnace":20,"minecraft:total_world_time":450230,"minecraft:time_since_rest":88495,"minecraft:damage_taken":10205,"minecraft:trigger_trapped_chest":4,"minecraft:swim_one_cm":459173,"minecraft:fly_one_cm":13138274,"minecraft:open_chest":201,"minecraft:fall_one_cm":285054},"minecraft:killed":{"twilightforest:boar":1,"minecraft:cave_spider":3,"minecraft:spider":11,"minecraft:skeleton":23,"minecraft:chicken":4,"minecraft:pig":6,"minecraft:salmon":1,"minecraft:creeper":2,"twilightforest:skeleton_druid":5,"minecraft:sheep":29,"minecraft:trader_llama":2,"twilightforest:redcap":4,"minecraft:zombie":45,"minecraft:glow_squid":1,"minecraft:cow":5,"twilightforest:winter_wolf":2,"twilightforest:deer":3,"twilightforest:swarm_spider":4,"twilightforest:tiny_bird":1,"minecraft:drowned":1,"twilightforest:kobold":13,"minecraft:wandering_trader":1,"minecraft:squid":1,"twilightforest:yeti":1,"twilightforest:bighorn_sheep":4},"minecraft:used":{"twilightforest:spiral_bricks":6,"minecraft:iron_shovel":40,"minecraft:poppy":9,"minecraft:chest":8,"minecraft:shield":108,"minecraft:iron_sword":111,"minecraft:rotten_flesh":14,"minecraft:iron_chestplate":2,"minecraft:mutton":2,"minecraft:lily_of_the_valley":1,"minecraft:carrot":11,"minecraft:tuff":12,"minecraft:lava_bucket":3,"twilightforest:cooked_venison":2,"twilightforest:twilight_oak_planks":84,"minecraft:iron_helmet":1,"biomesoplenty:jacaranda_sapling":8,"minecraft:bow":14,"minecraft:written_book":10,"minecraft:sweet_berries":14,"minecraft:furnace":8,"minecraft:cooked_cod":2,"minecraft:egg":3,"minecraft:potato":5,"minecraft:leather_leggings":3,"minecraft:diorite":2,"minecraft:diamond_boots":1,"minecraft:oak_planks":9,"minecraft:stone_pickaxe":277,"minecraft:orange_tulip":2,"twilightforest:uncrafting_table":2,"minecraft:wooden_pickaxe":81,"biomesoplenty:lavender":12,"biomesoplenty:fir_planks":40,"biomesoplenty:fir_boat":1,"minecraft:sugar_cane":5,"minecraft:diamond_axe":261,"minecraft:golden_apple":1,"minecraft:sand":6,"biomesoplenty:jacaranda_planks":81,"minecraft:bread":27,"minecraft:cherry_sign":2,"minecraft:gravel":5,"minecraft:andesite":8,"minecraft:smooth_stone_slab":1,"minecraft:bone_meal":3,"minecraft:stone_sword":174,"minecraft:flint_and_steel":4,"minecraft:cooked_salmon":4,"minecraft:cooked_chicken":4,"minecraft:torch":300,"handcrafted:fox_trophy":1,"minecraft:dirt":124,"minecraft:white_carpet":1,"minecraft:granite":1,"minecraft:wooden_axe":146,"minecraft:iron_axe":160,"biomesoplenty:tall_lavender":4,"biomesoplenty:jacaranda_stairs":6,"minecraft:golden_carrot":2,"minecraft:beef":1,"minecraft:cooked_beef":11,"minecraft:cobbled_deepslate":140,"minecraft:cooked_mutton":24,"minecraft:water_bucket":138,"biomesoplenty:jacaranda_door":13,"minecraft:amethyst_block":4,"minecraft:baked_potato":35,"minecraft:cherry_planks":5,"minecraft:crafting_table":24,"minecraft:red_bed":1,"minecraft:diamond_pickaxe":811,"minecraft:apple":8,"minecraft:cherry_door":2,"twilightforest:firefly":1,"minecraft:iron_pickaxe":77,"minecraft:stone_axe":119,"minecraft:purple_bed":1,"minecraft:cobblestone":200,"toolbelt:belt":1,"minecraft:porkchop":3,"minecraft:cooked_porkchop":13,"minecraft:bucket":144,"minecraft:pumpkin_pie":14,"minecraft:dandelion":14},"minecraft:picked_up":{"minecraft:iron_chestplate":6,"minecraft:wheat":10,"minecraft:suspicious_stew":1,"minecraft:lead":2,"aether:iron_gloves":3,"minecraft:enchanted_book":1,"minecraft:amethyst_block":7,"minecraft:lapis_block":1,"minecraft:string":320,"minecraft:raw_copper":29,"minecraft:cooked_salmon":4,"minecraft:smooth_stone_slab":24,"minecraft:iron_leggings":3,"biomesoplenty:tall_lavender":17,"minecraft:gold_nugget":96,"minecraft:cobbled_deepslate":248,"biomesoplenty:fir_planks":82,"minecraft:bucket":1,"minecraft:redstone_torch":1,"minecraft:written_book":9,"minecraft:cobblestone_slab":5,"toolbelt:belt":1,"minecraft:iron_pickaxe":1,"minecraft:furnace":2,"minecraft:iron_boots":6,"minecraft:stick":147,"minecraft:oak_fence":6,"minecraft:torch":197,"minecraft:porkchop":21,"minecraft:golden_axe":1,"minecraft:cherry_log":55,"minecraft:diorite":52,"minecraft:golden_chestplate":2,"minecraft:black_dye":6,"minecraft:stone_sword":5,"minecraft:rotten_flesh":120,"minecraft:red_tulip":1,"tropicraft:palm_log":9,"biomesoplenty:white_petals":7,"minecraft:obsidian":20,"minecraft:snowball":17,"minecraft:cobblestone":425,"biomesoplenty:lavender":568,"minecraft:feather":12,"minecraft:cooked_beef":3,"twilightforest:twilight_oak_log":34,"minecraft:water_bucket":4,"minecraft:andesite":18,"minecraft:brown_wool":6,"biomesoplenty:fir_sapling":12,"minecraft:potato":7,"biomesoplenty:dead_log":4,"biomesoplenty:fir_log":187,"minecraft:flint":3,"minecraft:tuff":28,"minecraft:lapis_lazuli":46,"minecraft:dirt":183,"minecraft:name_tag":2,"biomesoplenty:snowblossom_sapling":18,"minecraft:bone":58,"minecraft:bow":10,"minecraft:orange_tulip":5,"minecraft:wheat_seeds":105,"biomesoplenty:fir_boat":1,"minecraft:raw_gold":67,"minecraft:diamond_helmet":1,"minecraft:glowstone_dust":24,"minecraft:oak_planks":8,"biomesoplenty:toadstool":4,"minecraft:cooked_porkchop":10,"twilightforest:arctic_boots":1,"minecraft:sand":12,"twilightforest:canopy_log":4,"minecraft:ink_sac":4,"minecraft:lily_of_the_valley":2,"tropicraft:coconut":2,"minecraft:polished_andesite":2,"twilightforest:twilight_oak_sapling":2,"minecraft:diamond":104,"minecraft:granite":12,"twilightforest:arctic_fur":6,"minecraft:golden_horse_armor":2,"minecraft:bread":51,"minecraft:light_gray_carpet":1,"minecraft:netherrack":10,"twilightforest:uncrafting_table":2,"twilightforest:torchberries":9,"minecraft:diamond_pickaxe":1,"minecraft:crafting_table":7,"minecraft:chicken":4,"minecraft:ladder":2,"minecraft:leather_leggings":9,"toolbelt:pouch":4,"minecraft:wooden_pickaxe":13,"biomesoplenty:jacaranda_sapling":17,"minecraft:chain":1,"minecraft:shield":6,"minecraft:red_bed":1,"minecraft:iron_axe":4,"minecraft:flint_and_steel":3,"minecraft:white_carpet":4,"minecraft:iron_shovel":7,"minecraft:mossy_cobblestone_wall":1,"minecraft:beef":31,"minecraft:iron_nugget":12,"minecraft:poppy":20,"minecraft:chest":1,"minecraft:sugar_cane":2,"aether:iron_pendant":4,"minecraft:egg":3,"minecraft:raw_iron":337,"minecraft:sandstone":3,"twilightforest:canopy_fence":1,"minecraft:fire_charge":2,"minecraft:redstone":19,"twilightforest:firefly":10,"minecraft:iron_horse_armor":1,"minecraft:arrow":90,"minecraft:diamond_chestplate":1,"minecraft:cooked_cod":6,"biomesoplenty:jacaranda_log":26,"biomesoplenty:jacaranda_stairs":2,"minecraft:beetroot_seeds":2,"minecraft:diamond_boots":2,"minecraft:gold_ingot":18,"aether:white_cape":3,"minecraft:mutton":49,"minecraft:white_wool":29,"minecraft:golden_carrot":9,"minecraft:salmon":3,"minecraft:leather":9,"biomesoplenty:jacaranda_door":12,"minecraft:oak_log":23,"biomesoplenty:jacaranda_planks":373,"minecraft:gunpowder":11,"minecraft:cooked_mutton":28,"twilightforest:raw_venison":4,"minecraft:coast_armor_trim_smithing_template":1,"modernlife:bicycle_item":1,"minecraft:kelp":28,"minecraft:iron_ingot":97,"minecraft:stone_pickaxe":11,"minecraft:cherry_sign":1,"minecraft:iron_sword":2,"minecraft:smooth_basalt":2,"minecraft:sweet_berries":71,"minecraft:dandelion":17,"minecraft:raw_iron_block":9,"minecraft:gravel":20,"minecraft:lava_bucket":1,"minecraft:amethyst_shard":48,"minecraft:spruce_log":11,"minecraft:spider_eye":12,"minecraft:pumpkin_seeds":2,"biomesoplenty:maple_sapling":1,"minecraft:purple_bed":1,"minecraft:stone_axe":3,"minecraft:iron_helmet":6,"minecraft:diamond_axe":1,"minecraft:mossy_cobblestone_stairs":1,"minecraft:baked_potato":28,"minecraft:melon_seeds":3,"twilightforest:spiral_bricks":6,"minecraft:black_wool":1,"minecraft:coal":177,"minecraft:sunflower":9,"minecraft:wooden_axe":1},"minecraft:killed_by":{"minecraft:creeper":1,"minecraft:pillager":1,"minecraft:skeleton":5},"minecraft:mined":{"minecraft:large_amethyst_bud":1,"minecraft:cherry_log":57,"minecraft:obsidian":10,"minecraft:granite":14,"minecraft:budding_amethyst":2,"minecraft:grass_block":36,"biomesoplenty:jacaranda_stairs":2,"minecraft:spawner":9,"minecraft:tall_seagrass":1,"minecraft:raw_iron_block":2,"biomesoplenty:tall_lavender":21,"minecraft:glowstone":9,"minecraft:fire":2,"minecraft:iron_ore":80,"minecraft:cobbled_deepslate":27,"biomesoplenty:lavender":168,"twilightforest:twilight_oak_wood":1,"tropicraft:palm_log":9,"biomesoplenty:webbing":1,"biomesoplenty:jacaranda_leaves":9,"minecraft:deepslate_redstone_ore":2,"minecraft:red_bed":1,"minecraft:kelp_plant":2,"biomesoplenty:jacaranda_planks":9,"minecraft:medium_amethyst_bud":1,"minecraft:amethyst_cluster":3,"minecraft:powder_snow":4,"minecraft:torch":14,"minecraft:calcite":3,"minecraft:mossy_cobblestone_wall":1,"minecraft:poppy":8,"twilightforest:twilight_oak_log":34,"twilightforest:uncrafting_table":2,"minecraft:cobblestone":28,"minecraft:oak_planks":4,"minecraft:sugar_cane":2,"minecraft:wall_torch":16,"minecraft:amethyst_block":7,"minecraft:chain":1,"minecraft:lapis_block":1,"biomesoplenty:maple_sapling":1,"twilightforest:root":7,"biomesoplenty:fir_log":69,"minecraft:smooth_stone_slab":16,"minecraft:grass":244,"biomesoplenty:dead_log":2,"biomesoplenty:clover":2,"minecraft:oak_log":23,"minecraft:sand":11,"minecraft:dirt":73,"minecraft:smooth_basalt":2,"twilightforest:canopy_log":4,"minecraft:netherrack":5,"minecraft:deepslate":202,"minecraft:oak_leaves":2,"twilightforest:firefly":4,"minecraft:diamond_ore":18,"minecraft:tuff":35,"minecraft:mossy_cobblestone":1,"minecraft:deepslate_diamond_ore":40,"biomesoplenty:white_petals":3,"minecraft:spruce_leaves":3,"twilightforest:nagastone_head":1,"minecraft:kelp":1,"minecraft:sandstone":5,"biomesoplenty:jacaranda_sapling":1,"biomesoplenty:dune_grass":8,"twilightforest:fallen_leaves":3,"minecraft:cherry_wall_sign":1,"biomesoplenty:jacaranda_log":43,"minecraft:redstone_ore":6,"minecraft:furnace":2,"biomesoplenty:toadstool":2,"minecraft:andesite":12,"twilightforest:twilight_oak_leaves":2,"biomesoplenty:sea_oats":29,"minecraft:potatoes":1,"minecraft:deepslate_iron_ore":162,"minecraft:rail":1,"biomesoplenty:jacaranda_door":12,"minecraft:stone":324,"twilightforest:canopy_fence":1,"minecraft:white_wool":3,"minecraft:light_gray_carpet":1,"twilightforest:root_strand":2,"minecraft:dandelion":12,"minecraft:oak_fence":4,"minecraft:crafting_table":4,"minecraft:cornflower":1,"biomesoplenty:fir_planks":4,"minecraft:rose_bush":1,"minecraft:copper_ore":2,"minecraft:tall_grass":34,"minecraft:lapis_ore":5,"biomesoplenty:sprout":2,"minecraft:deepslate_gold_ore":40,"twilightforest:mayapple":3,"minecraft:diorite":24,"minecraft:purple_bed":1,"minecraft:coarse_dirt":6,"minecraft:redstone_torch":1,"minecraft:white_carpet":4,"minecraft:coal_ore":110,"minecraft:sunflower":7,"minecraft:gravel":17,"biomesoplenty:stringy_cobweb":1,"minecraft:cobweb":57,"minecraft:gold_ore":1,"minecraft:fern":10},"minecraft:dropped":{"biomesoplenty:fir_log":30,"minecraft:iron_sword":1,"minecraft:baked_potato":6,"minecraft:diamond":1,"minecraft:orange_tulip":3,"minecraft:leather":1,"minecraft:flint":2,"minecraft:dirt":9,"twilightforest:firefly":2,"toolbelt:pouch":3,"minecraft:chain":1,"minecraft:gold_nugget":66,"minecraft:pumpkin_pie":6,"minecraft:amethyst_shard":12,"minecraft:sunflower":6,"minecraft:iron_pickaxe":1,"minecraft:cherry_door":1,"minecraft:white_wool":20,"minecraft:bone":14,"minecraft:gravel":7,"minecraft:stone_axe":1,"minecraft:sugar_cane":2,"minecraft:golden_chestplate":1,"minecraft:cobbled_deepslate":56,"minecraft:wheat":7,"minecraft:rotten_flesh":52,"minecraft:oak_planks":4,"twilightforest:torchberries":1,"minecraft:poppy":4,"minecraft:gunpowder":5,"minecraft:beetroot_seeds":2,"minecraft:chest":1,"minecraft:ladder":2,"minecraft:leather_leggings":7,"minecraft:written_book":3,"biomesoplenty:tall_lavender":11,"minecraft:netherrack":5,"minecraft:water_bucket":1,"minecraft:iron_ingot":31,"minecraft:bread":12,"minecraft:black_dye":3,"minecraft:wheat_seeds":90,"biomesoplenty:maple_sapling":1,"biomesoplenty:lavender":158,"minecraft:iron_helmet":4,"minecraft:oak_fence":5,"minecraft:feather":6,"minecraft:cobblestone":10,"twilightforest:arctic_boots":1,"minecraft:amethyst_block":3,"minecraft:granite":2,"twilightforest:twilight_oak_sapling":2,"biomesoplenty:jacaranda_planks":104,"minecraft:spruce_door":1,"handcrafted:brown_sheet":8,"minecraft:coal":56,"minecraft:polished_andesite":2,"minecraft:stick":5,"minecraft:cherry_sign":2,"minecraft:diorite":20,"minecraft:ink_sac":1,"minecraft:brown_wool":2,"minecraft:diamond_helmet":2,"twilightforest:twilight_oak_planks":48,"minecraft:iron_leggings":1,"minecraft:iron_axe":1,"minecraft:mossy_cobblestone_stairs":1,"minecraft:iron_shovel":4,"minecraft:string":5,"minecraft:bucket":1,"minecraft:dandelion":3,"minecraft:smooth_basalt":2,"minecraft:kelp":21,"minecraft:sweet_berries":15,"minecraft:stone_sword":2,"minecraft:smooth_stone_slab":13,"minecraft:tuff":12,"minecraft:iron_boots":3,"minecraft:suspicious_stew":1,"minecraft:lily_of_the_valley":1,"minecraft:potato":2,"minecraft:shield":1,"aether:iron_gloves":1,"minecraft:iron_chestplate":2,"minecraft:andesite":9,"tropicraft:palm_log":9,"minecraft:spider_eye":6,"minecraft:diamond_boots":3,"minecraft:bow":2,"minecraft:stone_pickaxe":5,"minecraft:wooden_pickaxe":9,"tropicraft:coconut":1,"minecraft:black_wool":1},"minecraft:broken":{"minecraft:stone_pickaxe":1,"minecraft:stone_axe":1,"minecraft:wooden_axe":2,"minecraft:stone_sword":1,"minecraft:wooden_pickaxe":1,"minecraft:shield":1,"minecraft:iron_axe":1}},"DataVersion":3465}