{"stats":{"minecraft:dropped":{"minecraft:wheat_seeds":7,"minecraft:spruce_door":1,"minecraft:flint":1,"minecraft:ink_sac":1,"minecraft:sunflower":6,"minecraft:iron_shovel":3,"minecraft:white_wool":15,"minecraft:kelp":21,"minecraft:sugar_cane":2,"minecraft:rotten_flesh":5,"minecraft:oak_planks":4,"minecraft:suspicious_stew":1,"minecraft:leather_leggings":3,"tropicraft:palm_log":9,"minecraft:stone_pickaxe":2,"minecraft:bow":1,"minecraft:wooden_pickaxe":1,"tropicraft:coconut":1,"minecraft:black_wool":1},"minecraft:broken":{"minecraft:stone_pickaxe":1,"minecraft:stone_axe":1,"minecraft:wooden_axe":2},"minecraft:mined":{"minecraft:cherry_log":57,"minecraft:granite":11,"minecraft:grass_block":12,"biomesoplenty:white_petals":3,"minecraft:spruce_leaves":3,"minecraft:kelp":1,"biomesoplenty:dune_grass":7,"minecraft:tall_seagrass":1,"biomesoplenty:jacaranda_log":29,"biomesoplenty:tall_lavender":13,"minecraft:furnace":2,"biomesoplenty:toadstool":2,"minecraft:iron_ore":1,"biomesoplenty:lavender":121,"biomesoplenty:sea_oats":26,"tropicraft:palm_log":9,"minecraft:stone":106,"minecraft:white_wool":3,"biomesoplenty:jacaranda_leaves":2,"minecraft:light_gray_carpet":1,"minecraft:red_bed":1,"minecraft:kelp_plant":2,"biomesoplenty:jacaranda_planks":9,"minecraft:powder_snow":4,"minecraft:crafting_table":4,"minecraft:torch":6,"biomesoplenty:fir_planks":1,"minecraft:rose_bush":1,"minecraft:tall_grass":8,"minecraft:cobblestone":11,"biomesoplenty:sprout":1,"minecraft:sugar_cane":2,"minecraft:oak_planks":1,"minecraft:diorite":1,"minecraft:wall_torch":2,"minecraft:purple_bed":1,"minecraft:redstone_torch":1,"minecraft:white_carpet":4,"biomesoplenty:fir_log":69,"biomesoplenty:dead_log":2,"minecraft:grass":112,"minecraft:coal_ore":36,"minecraft:oak_log":23,"minecraft:sand":1,"minecraft:dirt":25,"minecraft:sunflower":7,"minecraft:gravel":10,"minecraft:cobweb":9,"minecraft:oak_leaves":2,"minecraft:fern":10},"minecraft:killed_by":{"minecraft:pillager":1,"minecraft:skeleton":3},"minecraft:picked_up":{"minecraft:iron_chestplate":1,"minecraft:crafting_table":5,"minecraft:suspicious_stew":1,"minecraft:leather_leggings":5,"minecraft:wooden_pickaxe":1,"biomesoplenty:jacaranda_sapling":2,"minecraft:string":48,"minecraft:red_bed":1,"minecraft:iron_shovel":3,"biomesoplenty:tall_lavender":9,"minecraft:white_carpet":4,"minecraft:gold_nugget":3,"biomesoplenty:fir_planks":53,"minecraft:beef":7,"minecraft:redstone_torch":1,"minecraft:iron_nugget":6,"minecraft:sugar_cane":2,"minecraft:iron_boots":1,"minecraft:furnace":2,"minecraft:stick":46,"minecraft:torch":38,"minecraft:porkchop":13,"minecraft:cherry_log":55,"minecraft:diorite":1,"minecraft:stone_sword":1,"minecraft:arrow":6,"minecraft:rotten_flesh":17,"minecraft:cooked_cod":2,"biomesoplenty:jacaranda_log":12,"biomesoplenty:white_petals":7,"tropicraft:palm_log":9,"minecraft:mutton":21,"minecraft:snowball":17,"minecraft:white_wool":15,"minecraft:cobblestone":110,"biomesoplenty:lavender":219,"minecraft:salmon":1,"biomesoplenty:dead_log":4,"biomesoplenty:fir_sapling":12,"biomesoplenty:fir_log":94,"minecraft:flint":2,"minecraft:oak_log":23,"biomesoplenty:jacaranda_planks":7,"minecraft:dirt":49,"biomesoplenty:snowblossom_sapling":18,"minecraft:coast_armor_trim_smithing_template":1,"minecraft:bone":4,"minecraft:kelp":28,"minecraft:bow":2,"minecraft:wheat_seeds":26,"minecraft:stone_pickaxe":3,"biomesoplenty:toadstool":4,"minecraft:cooked_porkchop":5,"minecraft:gravel":8,"minecraft:sand":2,"minecraft:ink_sac":3,"minecraft:spruce_log":11,"minecraft:spider_eye":3,"tropicraft:coconut":2,"minecraft:purple_bed":1,"minecraft:iron_helmet":1,"minecraft:granite":8,"minecraft:bread":16,"minecraft:baked_potato":19,"minecraft:light_gray_carpet":1,"minecraft:black_wool":1,"minecraft:coal":36,"minecraft:sunflower":6},"minecraft:crafted":{"minecraft:oak_planks":12,"minecraft:furnace":1,"handcrafted:fox_trophy":1,"minecraft:cooked_mutton":30,"minecraft:iron_boots":1,"minecraft:stone_pickaxe":2,"minecraft:chest":3,"biomesoplenty:dead_planks":8,"biomesoplenty:jacaranda_planks":204,"minecraft:crafting_table":6,"minecraft:spruce_planks":28,"minecraft:iron_helmet":1,"minecraft:wooden_pickaxe":1,"minecraft:baked_potato":11,"minecraft:spruce_door":3,"minecraft:stone_axe":1,"minecraft:air":0,"biomesoplenty:fir_planks":80,"minecraft:shield":1,"minecraft:stick":16,"minecraft:iron_ingot":2,"minecraft:iron_shovel":2,"minecraft:wooden_axe":3,"minecraft:stone_sword":1,"minecraft:torch":56},"minecraft:custom":{"minecraft:mob_kills":37,"minecraft:interact_with_crafting_table":22,"minecraft:open_barrel":4,"minecraft:interact_with_campfire":8,"minecraft:leave_game":4,"minecraft:time_since_death":16543,"minecraft:climb_one_cm":2790,"minecraft:sprint_one_cm":233458,"minecraft:walk_one_cm":154671,"minecraft:drop":28,"minecraft:talked_to_villager":1,"minecraft:play_time":87025,"minecraft:deaths":4,"minecraft:sneak_time":8454,"minecraft:walk_under_water_one_cm":20459,"minecraft:boat_one_cm":178646,"minecraft:jump":2278,"minecraft:interact_with_brewingstand":1,"minecraft:interact_with_blast_furnace":3,"minecraft:walk_on_water_one_cm":33872,"minecraft:total_world_time":87025,"minecraft:interact_with_furnace":19,"minecraft:sleep_in_bed":4,"minecraft:time_since_rest":16570,"minecraft:damage_taken":2394,"minecraft:damage_dealt":4365,"minecraft:swim_one_cm":80112,"minecraft:fly_one_cm":563627,"minecraft:open_chest":42,"minecraft:crouch_one_cm":15685,"minecraft:fall_one_cm":63699},"minecraft:used":{"minecraft:stone_sword":111,"minecraft:iron_shovel":31,"minecraft:chest":3,"minecraft:iron_chestplate":2,"minecraft:torch":42,"handcrafted:fox_trophy":1,"minecraft:dirt":10,"minecraft:white_carpet":1,"minecraft:wooden_axe":146,"biomesoplenty:tall_lavender":2,"minecraft:iron_helmet":1,"biomesoplenty:jacaranda_sapling":2,"minecraft:furnace":3,"minecraft:potato":1,"minecraft:cooked_mutton":4,"minecraft:leather_leggings":2,"minecraft:stone_pickaxe":165,"minecraft:baked_potato":3,"minecraft:oak_planks":1,"minecraft:wooden_pickaxe":7,"biomesoplenty:fir_planks":18,"biomesoplenty:lavender":3,"minecraft:sand":2,"minecraft:crafting_table":10,"minecraft:red_bed":1,"biomesoplenty:jacaranda_planks":45,"minecraft:apple":8,"minecraft:bread":12,"minecraft:stone_axe":119,"minecraft:cobblestone":30,"minecraft:purple_bed":1,"minecraft:cooked_porkchop":3},"minecraft:killed":{"minecraft:cave_spider":1,"minecraft:spider":2,"minecraft:skeleton":2,"minecraft:pig":5,"minecraft:salmon":1,"minecraft:squid":1,"minecraft:sheep":14,"minecraft:zombie":8}},"DataVersion":3465}