{"stats":{"minecraft:broken":{"minecraft:stone_sword":1,"minecraft:wooden_pickaxe":1,"minecraft:stone_pickaxe":1,"minecraft:stone_axe":1,"minecraft:wooden_axe":2},"minecraft:dropped":{"minecraft:bread":12,"minecraft:iron_ingot":15,"minecraft:black_dye":3,"minecraft:wheat_seeds":18,"minecraft:diamond":1,"biomesoplenty:lavender":125,"minecraft:oak_fence":1,"biomesoplenty:jacaranda_planks":52,"minecraft:spruce_door":1,"minecraft:coal":15,"minecraft:stick":3,"minecraft:flint":2,"minecraft:dirt":4,"minecraft:diorite":13,"minecraft:ink_sac":1,"minecraft:sunflower":6,"minecraft:iron_pickaxe":1,"minecraft:iron_shovel":3,"minecraft:white_wool":19,"minecraft:bone":4,"minecraft:gravel":5,"minecraft:kelp":21,"minecraft:sweet_berries":15,"minecraft:sugar_cane":2,"minecraft:stone_sword":1,"minecraft:cobbled_deepslate":2,"minecraft:wheat":2,"minecraft:rotten_flesh":6,"minecraft:oak_planks":4,"minecraft:suspicious_stew":1,"minecraft:lily_of_the_valley":1,"minecraft:potato":1,"aether:iron_gloves":1,"minecraft:beetroot_seeds":2,"minecraft:andesite":9,"minecraft:leather_leggings":4,"tropicraft:palm_log":9,"minecraft:wooden_pickaxe":1,"minecraft:stone_pickaxe":2,"minecraft:bow":2,"tropicraft:coconut":1,"minecraft:black_wool":1},"minecraft:killed_by":{"minecraft:pillager":1,"minecraft:skeleton":5},"minecraft:mined":{"twilightforest:firefly":2,"minecraft:tuff":5,"minecraft:deepslate_diamond_ore":2,"minecraft:cherry_log":57,"minecraft:granite":13,"minecraft:grass_block":16,"biomesoplenty:white_petals":3,"minecraft:spruce_leaves":3,"minecraft:kelp":1,"twilightforest:fallen_leaves":2,"minecraft:sandstone":3,"biomesoplenty:dune_grass":8,"minecraft:spawner":1,"minecraft:tall_seagrass":1,"biomesoplenty:jacaranda_log":29,"biomesoplenty:tall_lavender":13,"minecraft:furnace":2,"biomesoplenty:toadstool":2,"minecraft:cobbled_deepslate":7,"minecraft:iron_ore":16,"biomesoplenty:lavender":122,"twilightforest:twilight_oak_wood":1,"minecraft:andesite":9,"biomesoplenty:sea_oats":26,"tropicraft:palm_log":9,"minecraft:deepslate_iron_ore":24,"minecraft:stone":175,"minecraft:white_wool":3,"biomesoplenty:jacaranda_leaves":2,"minecraft:deepslate_redstone_ore":2,"minecraft:light_gray_carpet":1,"minecraft:red_bed":1,"minecraft:kelp_plant":2,"biomesoplenty:jacaranda_planks":9,"minecraft:dandelion":12,"minecraft:powder_snow":4,"minecraft:oak_fence":4,"minecraft:crafting_table":4,"minecraft:torch":8,"biomesoplenty:fir_planks":4,"minecraft:poppy":7,"twilightforest:twilight_oak_log":1,"minecraft:rose_bush":1,"minecraft:tall_grass":10,"minecraft:cobblestone":14,"biomesoplenty:sprout":1,"minecraft:deepslate_gold_ore":19,"minecraft:sugar_cane":2,"minecraft:oak_planks":2,"minecraft:diorite":13,"minecraft:wall_torch":3,"minecraft:purple_bed":1,"minecraft:redstone_torch":1,"minecraft:white_carpet":4,"twilightforest:root":2,"biomesoplenty:fir_log":69,"minecraft:grass":125,"biomesoplenty:dead_log":2,"minecraft:oak_log":23,"minecraft:coal_ore":40,"minecraft:sunflower":7,"minecraft:gravel":11,"minecraft:sand":6,"minecraft:dirt":28,"minecraft:cobweb":24,"twilightforest:canopy_log":4,"minecraft:oak_leaves":2,"minecraft:deepslate":42,"minecraft:fern":10},"minecraft:custom":{"minecraft:mob_kills":75,"minecraft:interact_with_crafting_table":51,"minecraft:open_barrel":4,"minecraft:interact_with_campfire":8,"minecraft:leave_game":6,"minecraft:time_since_death":51830,"minecraft:climb_one_cm":2790,"minecraft:sprint_one_cm":466061,"minecraft:walk_one_cm":266751,"minecraft:damage_blocked_by_shield":1245,"minecraft:drop":65,"minecraft:talked_to_villager":1,"minecraft:play_time":180507,"minecraft:deaths":6,"minecraft:sneak_time":16439,"minecraft:walk_under_water_one_cm":61321,"minecraft:boat_one_cm":220676,"minecraft:jump":4689,"minecraft:interact_with_brewingstand":1,"minecraft:interact_with_blast_furnace":3,"minecraft:walk_on_water_one_cm":62279,"minecraft:total_world_time":180507,"minecraft:interact_with_furnace":70,"minecraft:sleep_in_bed":6,"minecraft:time_since_rest":1337,"minecraft:damage_taken":4806,"minecraft:damage_dealt":10609,"minecraft:swim_one_cm":156760,"minecraft:fly_one_cm":3519473,"minecraft:crouch_one_cm":28485,"minecraft:open_chest":70,"minecraft:fall_one_cm":137384},"minecraft:picked_up":{"minecraft:wooden_axe":1,"minecraft:crafting_table":5,"minecraft:iron_chestplate":3,"minecraft:wheat":5,"minecraft:suspicious_stew":1,"minecraft:leather_leggings":7,"aether:iron_gloves":1,"minecraft:wooden_pickaxe":2,"biomesoplenty:jacaranda_sapling":2,"minecraft:shield":2,"minecraft:string":149,"minecraft:red_bed":1,"minecraft:iron_axe":1,"minecraft:cooked_salmon":4,"biomesoplenty:tall_lavender":9,"minecraft:white_carpet":4,"minecraft:iron_shovel":5,"minecraft:gold_nugget":9,"minecraft:cobbled_deepslate":52,"biomesoplenty:fir_planks":53,"minecraft:beef":14,"minecraft:written_book":1,"minecraft:redstone_torch":1,"minecraft:poppy":8,"minecraft:iron_nugget":12,"minecraft:iron_pickaxe":1,"minecraft:sugar_cane":2,"aether:iron_pendant":1,"minecraft:furnace":2,"minecraft:iron_boots":3,"minecraft:sandstone":3,"minecraft:stick":63,"minecraft:raw_iron":61,"minecraft:oak_fence":2,"minecraft:torch":168,"minecraft:porkchop":20,"minecraft:cherry_log":55,"minecraft:diorite":38,"twilightforest:firefly":2,"minecraft:black_dye":6,"minecraft:stone_sword":4,"minecraft:arrow":23,"minecraft:rotten_flesh":35,"minecraft:cooked_cod":6,"biomesoplenty:jacaranda_log":12,"minecraft:beetroot_seeds":2,"minecraft:red_tulip":1,"tropicraft:palm_log":9,"biomesoplenty:white_petals":7,"aether:white_cape":1,"minecraft:mutton":34,"minecraft:snowball":17,"minecraft:white_wool":27,"minecraft:cobblestone":274,"biomesoplenty:lavender":472,"twilightforest:twilight_oak_log":1,"minecraft:feather":1,"minecraft:cooked_beef":3,"minecraft:water_bucket":1,"minecraft:andesite":18,"minecraft:salmon":3,"biomesoplenty:fir_sapling":12,"minecraft:potato":1,"biomesoplenty:dead_log":4,"biomesoplenty:fir_log":94,"minecraft:flint":3,"minecraft:tuff":6,"minecraft:oak_log":23,"minecraft:gunpowder":1,"biomesoplenty:jacaranda_planks":301,"minecraft:dirt":86,"biomesoplenty:snowblossom_sapling":18,"minecraft:cooked_mutton":4,"minecraft:coast_armor_trim_smithing_template":1,"minecraft:bone":19,"minecraft:kelp":28,"minecraft:bow":8,"minecraft:wheat_seeds":48,"biomesoplenty:fir_boat":1,"minecraft:raw_gold":19,"minecraft:stone_pickaxe":7,"minecraft:iron_ingot":16,"minecraft:oak_planks":1,"biomesoplenty:toadstool":4,"minecraft:cooked_porkchop":9,"minecraft:sweet_berries":71,"minecraft:dandelion":12,"minecraft:gravel":18,"minecraft:sand":8,"twilightforest:canopy_log":4,"minecraft:ink_sac":4,"minecraft:spruce_log":11,"minecraft:lily_of_the_valley":2,"minecraft:spider_eye":6,"tropicraft:coconut":2,"minecraft:pumpkin_seeds":1,"minecraft:purple_bed":1,"minecraft:diamond":4,"minecraft:stone_axe":1,"minecraft:iron_helmet":2,"minecraft:granite":9,"minecraft:bread":50,"minecraft:baked_potato":28,"twilightforest:torchberries":1,"minecraft:light_gray_carpet":1,"minecraft:black_wool":1,"minecraft:coal":73,"minecraft:sunflower":9},"minecraft:used":{"minecraft:stone_sword":174,"minecraft:iron_shovel":31,"minecraft:poppy":4,"minecraft:chest":5,"minecraft:shield":22,"minecraft:cooked_salmon":4,"minecraft:torch":117,"minecraft:iron_chestplate":2,"handcrafted:fox_trophy":1,"minecraft:dirt":33,"minecraft:lily_of_the_valley":1,"minecraft:white_carpet":1,"minecraft:tuff":5,"minecraft:wooden_axe":146,"minecraft:iron_axe":96,"biomesoplenty:tall_lavender":2,"minecraft:iron_helmet":1,"biomesoplenty:jacaranda_sapling":2,"minecraft:written_book":2,"minecraft:sweet_berries":14,"minecraft:furnace":7,"minecraft:cooked_cod":2,"minecraft:cooked_beef":3,"minecraft:potato":1,"minecraft:cobbled_deepslate":29,"minecraft:cooked_mutton":8,"minecraft:water_bucket":31,"minecraft:leather_leggings":2,"minecraft:stone_pickaxe":252,"minecraft:baked_potato":6,"minecraft:oak_planks":8,"minecraft:wooden_pickaxe":66,"biomesoplenty:fir_planks":38,"biomesoplenty:lavender":3,"minecraft:sand":2,"minecraft:crafting_table":15,"minecraft:red_bed":1,"biomesoplenty:jacaranda_planks":50,"minecraft:apple":8,"twilightforest:firefly":1,"minecraft:bread":26,"minecraft:iron_pickaxe":77,"minecraft:gravel":5,"minecraft:stone_axe":119,"minecraft:purple_bed":1,"minecraft:cobblestone":71,"minecraft:porkchop":3,"minecraft:cooked_porkchop":7,"minecraft:andesite":8,"minecraft:bucket":34,"minecraft:dandelion":9},"minecraft:killed":{"twilightforest:boar":1,"minecraft:cave_spider":1,"minecraft:spider":6,"minecraft:skeleton":10,"minecraft:pig":5,"minecraft:salmon":1,"twilightforest:kobold":3,"minecraft:creeper":1,"minecraft:squid":1,"twilightforest:skeleton_druid":2,"minecraft:sheep":22,"minecraft:zombie":19},"minecraft:crafted":{"minecraft:black_dye":1,"minecraft:oak_planks":84,"aether:iron_ring":1,"minecraft:furnace":5,"handcrafted:fox_trophy":1,"minecraft:cooked_mutton":30,"minecraft:iron_boots":1,"minecraft:iron_axe":1,"minecraft:stone_pickaxe":3,"minecraft:chest":5,"aether:iron_pendant":1,"biomesoplenty:dead_planks":8,"biomesoplenty:jacaranda_planks":204,"minecraft:crafting_table":11,"minecraft:spruce_planks":28,"minecraft:iron_helmet":2,"minecraft:wooden_pickaxe":2,"minecraft:baked_potato":11,"minecraft:spruce_door":3,"minecraft:bucket":1,"minecraft:stone_axe":1,"minecraft:air":0,"aether:iron_gloves":2,"biomesoplenty:fir_planks":272,"minecraft:shield":1,"minecraft:stick":36,"minecraft:iron_leggings":1,"minecraft:iron_ingot":43,"minecraft:wooden_axe":3,"minecraft:stone_sword":2,"minecraft:iron_shovel":2,"minecraft:gold_ingot":16,"aether:white_cape":1,"minecraft:torch":128}},"DataVersion":3465}