{"stats":{"minecraft:picked_up":{"cataclysm:ignitium_helmet":2,"cataclysm:ignitium_chestplate":1,"cataclysm:ignitium_elytra_chestplate":1,"cataclysm:wither_assault_shoulder_weapon":1,"minecraft:wheat_seeds":1,"cataclysm:ignitium_boots":2,"cataclysm:gauntlet_of_guard":1,"cataclysm:ignitium_leggings":2},"minecraft:mined":{"minecraft:grass":9,"biomesoplenty:clover":3},"minecraft:custom":{"minecraft:time_since_rest":85,"minecraft:crouch_one_cm":944,"minecraft:play_time":12935,"minecraft:sprint_one_cm":17758,"minecraft:deaths":1,"minecraft:damage_taken":283,"minecraft:walk_one_cm":26421,"minecraft:sneak_time":430,"minecraft:walk_under_water_one_cm":407,"minecraft:jump":246,"minecraft:damage_dealt":24,"minecraft:leave_game":1,"minecraft:time_since_death":0,"minecraft:walk_on_water_one_cm":91,"minecraft:total_world_time":12935,"minecraft:climb_one_cm":76,"minecraft:swim_one_cm":2073,"minecraft:fall_one_cm":6128,"minecraft:fly_one_cm":203675},"minecraft:killed_by":{"minecraft:player":1}},"DataVersion":3465}