{"stats":{"minecraft:dropped":{"minecraft:cooked_beef":3,"minecraft:crafting_table":1,"minecraft:cooked_mutton":9,"minecraft:dandelion":1},"minecraft:broken":{"minecraft:wooden_axe":1},"minecraft:mined":{"minecraft:cherry_planks":3,"minecraft:cherry_log":107,"minecraft:dandelion":3,"minecraft:powder_snow":22,"minecraft:crafting_table":1,"minecraft:grass_block":5,"biomesoplenty:fir_planks":4,"minecraft:poppy":1,"biomesoplenty:white_petals":1,"minecraft:sugar_cane":1,"minecraft:oak_planks":1,"biomesoplenty:tundra_shrub":2,"minecraft:spawner":1,"minecraft:furnace":1,"minecraft:iron_ore":8,"minecraft:ice":2,"minecraft:spruce_log":13,"biomesoplenty:violet":1,"minecraft:andesite":1,"biomesoplenty:maple_leaves":2,"biomesoplenty:fir_log":69,"minecraft:grass":65,"biomesoplenty:dead_log":2,"minecraft:oak_log":1,"minecraft:coal_ore":31,"minecraft:dirt":11,"biomesoplenty:fir_sapling":1,"minecraft:stone":58,"minecraft:fern":52},"minecraft:picked_up":{"minecraft:crafting_table":2,"minecraft:cherry_planks":3,"minecraft:leather":4,"biomesoplenty:violet":1,"biomesoplenty:dead_log":2,"biomesoplenty:fir_sapling":10,"biomesoplenty:fir_log":57,"minecraft:string":1,"minecraft:dirt":21,"biomesoplenty:snowblossom_sapling":71,"minecraft:wheat_seeds":19,"biomesoplenty:fir_planks":5,"minecraft:beef":6,"minecraft:oak_boat":4,"minecraft:poppy":1,"minecraft:light_gray_wool":1,"minecraft:sugar_cane":5,"minecraft:oak_planks":3,"minecraft:stick":33,"minecraft:raw_iron":9,"minecraft:dandelion":4,"minecraft:cherry_log":107,"minecraft:spruce_log":13,"minecraft:bread":1,"biomesoplenty:white_petals":4,"minecraft:mutton":10,"minecraft:coal":31,"minecraft:snowball":16,"minecraft:white_wool":4,"minecraft:cobblestone":57},"minecraft:crafted":{"minecraft:cooked_beef":11,"minecraft:cherry_planks":4,"biomesoplenty:dead_planks":8,"minecraft:crafting_table":1,"minecraft:spruce_planks":52,"minecraft:wooden_pickaxe":1,"minecraft:furnace":1,"minecraft:stone_axe":1,"minecraft:cooked_mutton":15,"minecraft:air":0,"biomesoplenty:fir_planks":228,"minecraft:stick":12,"minecraft:iron_ingot":8,"minecraft:stone_pickaxe":2,"minecraft:wooden_axe":1,"minecraft:stone_sword":1},"minecraft:custom":{"minecraft:interact_with_furnace":30,"minecraft:mob_kills":11,"minecraft:interact_with_crafting_table":5,"minecraft:leave_game":2,"minecraft:time_since_death":58346,"minecraft:time_since_rest":58346,"minecraft:sprint_one_cm":90758,"minecraft:damage_taken":855,"minecraft:walk_one_cm":178562,"minecraft:drop":14,"minecraft:damage_dealt":1477,"minecraft:swim_one_cm":2114,"minecraft:fly_one_cm":186424,"minecraft:crouch_one_cm":6229,"minecraft:play_time":58346,"minecraft:sneak_time":2084,"minecraft:walk_under_water_one_cm":1036,"minecraft:boat_one_cm":127754,"minecraft:jump":1414,"minecraft:walk_on_water_one_cm":5992,"minecraft:total_world_time":58346,"minecraft:fall_one_cm":23576},"minecraft:used":{"minecraft:cooked_mutton":2,"minecraft:stone_sword":29,"minecraft:stone_pickaxe":119,"minecraft:poppy":1,"minecraft:spruce_planks":7,"minecraft:wooden_pickaxe":8,"minecraft:cherry_planks":7,"biomesoplenty:fir_planks":14,"minecraft:dirt":3,"minecraft:crafting_table":2,"biomesoplenty:dead_planks":7,"minecraft:wooden_axe":63,"biomesoplenty:fir_sapling":9,"minecraft:bread":1,"minecraft:stone_axe":125,"minecraft:furnace":1,"minecraft:oak_boat":4,"minecraft:cooked_beef":3,"minecraft:dandelion":3,"biomesoplenty:violet":1},"minecraft:killed":{"minecraft:spider":1,"minecraft:sheep":6,"minecraft:zombie":1,"minecraft:cow":3}},"DataVersion":3465}