{"stats":{"minecraft:broken":{"minecraft:stone_axe":1,"minecraft:wooden_axe":1},"minecraft:dropped":{"minecraft:cooked_beef":3,"minecraft:crafting_table":2,"minecraft:oak_fence":1,"biomesoplenty:fir_sapling":42,"minecraft:string":1,"minecraft:blue_bed":1,"minecraft:dandelion":1,"minecraft:oak_planks":3,"minecraft:cooked_mutton":9,"biomesoplenty:white_petals":4,"minecraft:pumpkin_seeds":2,"biomesoplenty:fir_planks":2},"minecraft:killed_by":{"minecraft:skeleton":1},"minecraft:mined":{"minecraft:tuff":1,"minecraft:white_bed":1,"minecraft:deepslate_diamond_ore":2,"minecraft:cherry_log":141,"minecraft:grass_block":5,"biomesoplenty:white_petals":4,"biomesoplenty:tundra_shrub":2,"minecraft:spawner":1,"biomesoplenty:tall_lavender":3,"minecraft:furnace":1,"minecraft:iron_ore":8,"biomesoplenty:lavender":68,"biomesoplenty:violet":1,"minecraft:andesite":1,"minecraft:pumpkin":1,"minecraft:azure_bluet":2,"biomesoplenty:sea_oats":1,"minecraft:red_tulip":1,"minecraft:deepslate_iron_ore":9,"minecraft:stone":58,"minecraft:cherry_planks":3,"minecraft:lily_of_the_valley":1,"minecraft:powder_snow":27,"minecraft:dandelion":5,"minecraft:crafting_table":5,"biomesoplenty:fir_planks":4,"minecraft:poppy":2,"minecraft:chest":2,"minecraft:tall_grass":2,"minecraft:cobblestone":1,"biomesoplenty:sprout":7,"minecraft:oak_planks":3,"minecraft:sugar_cane":5,"minecraft:blue_bed":2,"minecraft:sweet_berry_bush":19,"minecraft:ice":2,"minecraft:spruce_log":13,"biomesoplenty:maple_leaves":2,"biomesoplenty:fir_log":141,"minecraft:grass":119,"biomesoplenty:dead_log":2,"minecraft:coal_ore":31,"minecraft:oak_log":1,"minecraft:sunflower":4,"minecraft:sand":1,"minecraft:dirt":12,"minecraft:cobweb":12,"biomesoplenty:fir_sapling":1,"minecraft:deepslate":11,"minecraft:fern":55},"minecraft:custom":{"minecraft:mob_kills":16,"minecraft:interact_with_crafting_table":16,"minecraft:leave_game":2,"minecraft:time_since_death":33745,"minecraft:sprint_one_cm":201091,"minecraft:walk_one_cm":292073,"minecraft:drop":27,"minecraft:play_time":129620,"minecraft:deaths":11,"minecraft:sneak_time":3145,"minecraft:walk_under_water_one_cm":17366,"minecraft:boat_one_cm":289529,"minecraft:jump":2801,"minecraft:walk_on_water_one_cm":23454,"minecraft:total_world_time":129620,"minecraft:interact_with_furnace":63,"minecraft:sleep_in_bed":3,"minecraft:time_since_rest":1190,"minecraft:damage_taken":5521,"minecraft:damage_dealt":2327,"minecraft:swim_one_cm":2549,"minecraft:fly_one_cm":469140,"minecraft:open_chest":26,"minecraft:crouch_one_cm":9129,"minecraft:fall_one_cm":106713},"minecraft:picked_up":{"minecraft:crafting_table":16,"minecraft:azure_bluet":2,"minecraft:chicken":1,"minecraft:leather_leggings":1,"biomesoplenty:violet":1,"minecraft:string":1,"minecraft:gold_nugget":3,"minecraft:cobbled_deepslate":27,"biomesoplenty:fir_planks":112,"minecraft:beef":6,"minecraft:oak_boat":4,"minecraft:poppy":5,"minecraft:iron_pickaxe":1,"minecraft:light_gray_wool":1,"minecraft:sugar_cane":13,"minecraft:chest":2,"minecraft:stick":43,"minecraft:raw_iron":13,"minecraft:sandstone":3,"minecraft:oak_fence":1,"minecraft:torch":11,"minecraft:porkchop":5,"minecraft:cherry_log":141,"minecraft:diorite":12,"minecraft:black_dye":3,"minecraft:beetroot_seeds":2,"minecraft:red_tulip":4,"biomesoplenty:white_petals":9,"minecraft:mutton":10,"minecraft:rail":5,"minecraft:snowball":16,"minecraft:white_wool":6,"minecraft:cobblestone":70,"biomesoplenty:lavender":109,"minecraft:feather":4,"minecraft:cherry_planks":3,"minecraft:andesite":1,"minecraft:leather":4,"biomesoplenty:fir_log":108,"biomesoplenty:fir_sapling":71,"biomesoplenty:dead_log":2,"minecraft:gunpowder":1,"minecraft:dirt":28,"minecraft:blue_bed":3,"biomesoplenty:snowblossom_sapling":79,"minecraft:bone":4,"minecraft:bow":2,"minecraft:wheat_seeds":54,"biomesoplenty:fir_boat":7,"minecraft:stone_pickaxe":1,"minecraft:oak_planks":39,"minecraft:pumpkin":1,"minecraft:sweet_berries":217,"minecraft:dandelion":8,"minecraft:sand":8,"minecraft:white_bed":1,"minecraft:spruce_log":13,"minecraft:lily_of_the_valley":3,"minecraft:pumpkin_seeds":3,"minecraft:diamond":2,"minecraft:bread":1,"minecraft:coal":31,"minecraft:sunflower":12},"minecraft:used":{"minecraft:stone_sword":61,"minecraft:poppy":1,"minecraft:spruce_planks":7,"minecraft:chest":2,"minecraft:rotten_flesh":3,"minecraft:torch":14,"minecraft:dirt":6,"minecraft:azure_bluet":2,"minecraft:wooden_axe":63,"biomesoplenty:fir_sapling":9,"minecraft:sweet_berries":24,"minecraft:furnace":1,"minecraft:cooked_beef":5,"biomesoplenty:violet":1,"minecraft:pumpkin":1,"minecraft:cooked_mutton":2,"minecraft:stone_pickaxe":140,"minecraft:wooden_pickaxe":8,"minecraft:cherry_planks":7,"biomesoplenty:fir_planks":19,"biomesoplenty:fir_boat":4,"minecraft:blue_bed":2,"minecraft:crafting_table":5,"minecraft:white_bed":1,"biomesoplenty:dead_planks":7,"minecraft:chicken":1,"minecraft:bread":1,"minecraft:iron_pickaxe":3,"minecraft:stone_axe":243,"minecraft:cobblestone":24,"minecraft:oak_boat":4,"minecraft:dandelion":3},"minecraft:killed":{"minecraft:spider":2,"minecraft:chicken":1,"minecraft:pig":1,"minecraft:sheep":6,"minecraft:zombie":3,"minecraft:cow":3},"minecraft:crafted":{"minecraft:cherry_planks":4,"minecraft:stone_shovel":1,"minecraft:furnace":1,"minecraft:cooked_mutton":15,"minecraft:stone_pickaxe":2,"minecraft:chest":2,"minecraft:cooked_beef":11,"biomesoplenty:dead_planks":8,"biomesoplenty:fir_boat":2,"minecraft:cooked_porkchop":3,"minecraft:crafting_table":3,"minecraft:spruce_planks":52,"minecraft:wooden_pickaxe":1,"minecraft:stone_axe":2,"minecraft:air":0,"biomesoplenty:fir_planks":240,"minecraft:iron_chestplate":1,"minecraft:stick":56,"minecraft:iron_ingot":20,"minecraft:iron_pickaxe":1,"minecraft:wooden_axe":1,"minecraft:stone_sword":1,"minecraft:gold_ingot":3,"minecraft:torch":140}},"DataVersion":3465}