{"stats":{"minecraft:killed":{"minecraft:spider":2,"minecraft:chicken":1,"minecraft:pig":1,"minecraft:sheep":6,"minecraft:zombie":6,"minecraft:cow":4},"minecraft:picked_up":{"handcrafted:cherry_chair":13,"minecraft:crafting_table":16,"minecraft:azure_bluet":2,"minecraft:chicken":1,"minecraft:leather_leggings":1,"biomesoplenty:violet":1,"minecraft:stripped_cherry_log":200,"minecraft:string":1,"minecraft:cooked_salmon":2,"handcrafted:cherry_pillar_trim":2,"minecraft:gold_nugget":3,"minecraft:cobbled_deepslate":27,"biomesoplenty:fir_planks":112,"minecraft:beef":9,"minecraft:oak_boat":4,"minecraft:poppy":5,"minecraft:iron_pickaxe":1,"minecraft:light_gray_wool":1,"minecraft:chest":2,"minecraft:sugar_cane":13,"minecraft:stick":60,"minecraft:raw_iron":13,"minecraft:sandstone":3,"minecraft:cherry_stairs":18,"minecraft:oak_fence":1,"minecraft:torch":11,"minecraft:snow_block":347,"minecraft:porkchop":5,"minecraft:cherry_log":574,"minecraft:diorite":12,"minecraft:black_dye":3,"modernlife:old_tv":2,"minecraft:rotten_flesh":5,"minecraft:beetroot_seeds":2,"minecraft:red_tulip":4,"biomesoplenty:white_petals":91,"minecraft:mutton":10,"aether:white_cape":1,"minecraft:rail":5,"minecraft:snowball":441,"minecraft:white_wool":6,"minecraft:cobblestone":70,"biomesoplenty:lavender":109,"minecraft:feather":4,"minecraft:cherry_planks":561,"minecraft:andesite":1,"minecraft:leather":4,"handcrafted:cherry_bench":1,"biomesoplenty:fir_log":108,"biomesoplenty:dead_log":2,"biomesoplenty:fir_sapling":71,"minecraft:cherry_fence":12,"minecraft:gunpowder":1,"minecraft:cherry_door":3,"minecraft:blue_bed":4,"minecraft:dirt":31,"biomesoplenty:snowblossom_sapling":179,"minecraft:bone":4,"minecraft:bow":2,"minecraft:wheat_seeds":57,"biomesoplenty:fir_boat":7,"minecraft:iron_ingot":6,"minecraft:stone_pickaxe":1,"modernlife:glass_door":2,"minecraft:oak_planks":39,"minecraft:pumpkin":1,"minecraft:sweet_berries":330,"minecraft:dandelion":8,"minecraft:gravel":3,"minecraft:sand":18,"minecraft:stripped_cherry_wood":11,"modernlife:glass_slab":61,"minecraft:white_bed":3,"minecraft:spruce_log":13,"minecraft:lily_of_the_valley":3,"biomesoplenty:snowblossom_leaves":179,"minecraft:pumpkin_seeds":3,"minecraft:stone_axe":2,"minecraft:diamond":2,"minecraft:bread":1,"minecraft:cherry_slab":50,"minecraft:coal":31,"minecraft:sunflower":12},"minecraft:crafted":{"minecraft:cherry_planks":396,"minecraft:stone_shovel":3,"minecraft:cherry_wood":6,"minecraft:iron_nugget":54,"minecraft:cherry_slab":72,"handcrafted:cherry_bench":4,"minecraft:furnace":3,"aether:golden_gloves":1,"minecraft:cooked_mutton":15,"minecraft:glass":49,"minecraft:lantern":6,"minecraft:cherry_stairs":40,"minecraft:stone_pickaxe":2,"minecraft:chest":2,"minecraft:cherry_fence":96,"modernlife:glass_slab":84,"minecraft:cooked_beef":11,"biomesoplenty:dead_planks":8,"biomesoplenty:fir_boat":2,"minecraft:cooked_porkchop":3,"minecraft:crafting_table":3,"minecraft:spruce_planks":52,"minecraft:wooden_pickaxe":1,"handcrafted:cherry_table":8,"handcrafted:cherry_chair":8,"minecraft:stone_axe":6,"minecraft:air":0,"biomesoplenty:fir_planks":240,"minecraft:iron_chestplate":1,"minecraft:stripped_cherry_wood":57,"minecraft:stick":156,"minecraft:iron_ingot":20,"minecraft:iron_pickaxe":1,"minecraft:wooden_axe":1,"minecraft:stone_sword":1,"minecraft:snow_block":94,"minecraft:gold_ingot":10,"minecraft:torch":156},"minecraft:mined":{"modernlife:glass_slab":14,"minecraft:tuff":1,"minecraft:white_bed":3,"minecraft:deepslate_diamond_ore":2,"minecraft:cherry_log":219,"handcrafted:cherry_bench":1,"minecraft:stripped_cherry_log":160,"minecraft:grass_block":7,"biomesoplenty:white_petals":20,"biomesoplenty:tundra_shrub":2,"minecraft:spawner":1,"biomesoplenty:tall_lavender":3,"minecraft:furnace":1,"minecraft:iron_ore":8,"minecraft:snow":278,"biomesoplenty:lavender":68,"biomesoplenty:violet":1,"minecraft:andesite":1,"minecraft:pumpkin":1,"minecraft:azure_bluet":2,"biomesoplenty:sea_oats":1,"minecraft:red_tulip":1,"minecraft:deepslate_iron_ore":9,"minecraft:stone":58,"minecraft:cherry_stairs":17,"minecraft:glass_pane":6,"modernlife:glass_door":1,"minecraft:cherry_planks":80,"handcrafted:cherry_chair":12,"minecraft:stripped_cherry_wood":4,"minecraft:lily_of_the_valley":1,"minecraft:snow_block":40,"minecraft:powder_snow":27,"minecraft:dandelion":5,"minecraft:crafting_table":5,"biomesoplenty:fir_planks":4,"minecraft:poppy":2,"biomesoplenty:snowblossom_leaves":7,"minecraft:chest":2,"minecraft:tall_grass":2,"minecraft:cobblestone":1,"biomesoplenty:sprout":7,"minecraft:sugar_cane":5,"minecraft:oak_planks":3,"minecraft:blue_bed":4,"minecraft:cherry_slab":51,"minecraft:cherry_fence":12,"minecraft:sweet_berry_bush":24,"minecraft:ice":431,"minecraft:spruce_log":13,"minecraft:cherry_door":3,"biomesoplenty:maple_leaves":2,"biomesoplenty:fir_log":141,"minecraft:grass":122,"biomesoplenty:dead_log":2,"minecraft:oak_log":1,"minecraft:coal_ore":31,"minecraft:gravel":3,"minecraft:sunflower":4,"minecraft:sand":11,"minecraft:dirt":12,"minecraft:cobweb":12,"biomesoplenty:fir_sapling":1,"modernlife:old_tv":2,"minecraft:deepslate":11,"minecraft:fern":55},"minecraft:custom":{"minecraft:mob_kills":20,"minecraft:interact_with_crafting_table":50,"minecraft:leave_game":3,"minecraft:time_since_death":179786,"minecraft:sprint_one_cm":369927,"minecraft:walk_one_cm":846676,"minecraft:drop":36,"minecraft:play_time":275661,"minecraft:deaths":11,"minecraft:sneak_time":12738,"minecraft:walk_under_water_one_cm":20421,"minecraft:boat_one_cm":289529,"minecraft:jump":4808,"minecraft:walk_on_water_one_cm":27051,"minecraft:total_world_time":275661,"minecraft:interact_with_furnace":104,"minecraft:sleep_in_bed":4,"minecraft:time_since_rest":101409,"minecraft:damage_taken":6235,"minecraft:damage_dealt":3058,"minecraft:swim_one_cm":2549,"minecraft:fly_one_cm":816517,"minecraft:open_chest":88,"minecraft:crouch_one_cm":42751,"minecraft:fall_one_cm":147120},"minecraft:dropped":{"minecraft:cooked_beef":3,"minecraft:crafting_table":2,"minecraft:oak_fence":1,"minecraft:lantern":6,"minecraft:stripped_cherry_wood":7,"biomesoplenty:fir_sapling":42,"biomesoplenty:snowblossom_sapling":54,"minecraft:string":1,"minecraft:cherry_door":2,"minecraft:blue_bed":1,"minecraft:dandelion":1,"minecraft:snow_block":49,"minecraft:stone_axe":2,"minecraft:oak_planks":3,"minecraft:cooked_mutton":9,"biomesoplenty:white_petals":46,"minecraft:pumpkin_seeds":2,"biomesoplenty:fir_planks":2},"minecraft:used":{"minecraft:stone_sword":61,"minecraft:stone_shovel":339,"minecraft:poppy":1,"minecraft:chest":2,"minecraft:spruce_planks":7,"minecraft:cooked_salmon":2,"minecraft:rotten_flesh":8,"minecraft:torch":14,"minecraft:dirt":6,"minecraft:snowball":1,"minecraft:azure_bluet":2,"minecraft:wooden_axe":63,"biomesoplenty:fir_sapling":9,"minecraft:cherry_slab":65,"biomesoplenty:white_petals":1,"modernlife:glass_slab":90,"handcrafted:cherry_bench":1,"minecraft:sweet_berries":157,"minecraft:furnace":3,"handcrafted:cherry_chair":16,"minecraft:cooked_beef":5,"minecraft:cherry_fence":94,"minecraft:cherry_log":129,"minecraft:pumpkin":1,"biomesoplenty:violet":1,"minecraft:cooked_mutton":2,"minecraft:snow_block":166,"minecraft:stone_pickaxe":140,"modernlife:old_tv":1,"minecraft:wooden_pickaxe":8,"minecraft:cherry_planks":422,"biomesoplenty:fir_planks":19,"biomesoplenty:fir_boat":4,"minecraft:blue_bed":3,"minecraft:crafting_table":6,"modernlife:glass_door":1,"minecraft:white_bed":3,"biomesoplenty:dead_planks":7,"minecraft:stripped_cherry_wood":54,"minecraft:chicken":1,"minecraft:bread":1,"minecraft:iron_pickaxe":3,"biomesoplenty:snowblossom_leaves":179,"minecraft:stone_axe":792,"minecraft:cobblestone":24,"minecraft:cherry_stairs":47,"minecraft:oak_boat":4,"minecraft:stripped_cherry_log":102,"minecraft:dandelion":3,"handcrafted:cherry_table":6},"minecraft:broken":{"minecraft:leather_leggings":1,"minecraft:stone_axe":6,"minecraft:wooden_axe":1,"minecraft:stone_shovel":2},"minecraft:killed_by":{"minecraft:skeleton":1}},"DataVersion":3465}