{"stats":{"minecraft:dropped":{"minecraft:sweet_berries":7,"biomesoplenty:maple_sapling":2,"minecraft:granite":8,"biomesoplenty:snowblossom_sapling":41,"modernlife:guitar":1,"minecraft:shield":1,"minecraft:torch":21,"minecraft:diorite":29,"minecraft:wooden_axe":1,"minecraft:cooked_salmon":27,"minecraft:spider_eye":2,"minecraft:wooden_pickaxe":2,"minecraft:white_wool":2,"minecraft:spruce_sapling":5},"minecraft:mined":{"minecraft:tuff":1,"minecraft:spruce_planks":8,"minecraft:brown_mushroom":1,"minecraft:deepslate_diamond_ore":3,"minecraft:cherry_log":196,"minecraft:torch":1,"minecraft:crafting_table":5,"minecraft:cornflower":4,"minecraft:granite":8,"minecraft:grass_block":1,"modernlife:oak_chair":5,"minecraft:copper_ore":1,"minecraft:cobblestone":1,"minecraft:oak_planks":7,"minecraft:diorite":35,"minecraft:wall_torch":3,"minecraft:iron_ore":41,"minecraft:sweet_berry_bush":15,"minecraft:andesite":14,"minecraft:spruce_log":12,"biomesoplenty:maple_leaves":1,"biomesoplenty:fir_log":11,"minecraft:grass":7,"biomesoplenty:dead_log":13,"minecraft:oak_log":42,"minecraft:coal_ore":10,"minecraft:deepslate_iron_ore":8,"biomesoplenty:webbing":1,"minecraft:dirt":3,"minecraft:gravel":3,"minecraft:sand":6,"biomesoplenty:stringy_cobweb":1,"biomesoplenty:spider_egg":1,"minecraft:stone":138,"minecraft:gold_ore":1,"minecraft:deepslate":85,"minecraft:fern":2},"minecraft:broken":{"minecraft:stone_pickaxe":2,"minecraft:wooden_axe":5},"minecraft:picked_up":{"minecraft:wooden_axe":2,"minecraft:crafting_table":6,"minecraft:feather":1,"minecraft:cherry_planks":2,"minecraft:chicken":2,"minecraft:andesite":24,"minecraft:leather":2,"minecraft:wooden_pickaxe":1,"biomesoplenty:dead_log":9,"biomesoplenty:fir_log":1,"minecraft:tuff":4,"minecraft:oak_log":42,"minecraft:dirt":4,"minecraft:string":12,"minecraft:cornflower":4,"minecraft:raw_copper":5,"minecraft:cooked_salmon":27,"biomesoplenty:snowblossom_sapling":43,"minecraft:bone":2,"minecraft:wheat_seeds":1,"minecraft:cobbled_deepslate":86,"minecraft:raw_gold":1,"minecraft:spruce_planks":9,"minecraft:beef":2,"modernlife:oak_chair":5,"minecraft:oak_planks":20,"minecraft:furnace":1,"minecraft:stick":31,"minecraft:raw_iron":49,"minecraft:sweet_berries":35,"minecraft:torch":70,"minecraft:gravel":3,"minecraft:sand":6,"minecraft:cherry_log":132,"minecraft:spruce_sapling":5,"minecraft:diorite":31,"minecraft:spruce_log":12,"minecraft:spider_eye":2,"biomesoplenty:maple_sapling":2,"minecraft:arrow":8,"minecraft:rotten_flesh":4,"minecraft:diamond":4,"modernlife:guitar":2,"minecraft:granite":8,"minecraft:glow_berries":3,"minecraft:black_wool":1,"minecraft:mutton":13,"minecraft:coal":13,"minecraft:white_wool":2,"minecraft:cobblestone":225},"minecraft:crafted":{"biomesoplenty:dead_planks":36,"minecraft:oak_planks":132,"minecraft:crafting_table":4,"minecraft:spruce_planks":48,"minecraft:iron_helmet":1,"minecraft:wooden_pickaxe":1,"modernlife:oak_chair":1,"minecraft:furnace":3,"minecraft:cooked_salmon":21,"minecraft:stone_axe":1,"minecraft:cooked_mutton":5,"minecraft:glass":3,"minecraft:iron_boots":1,"minecraft:iron_chestplate":1,"minecraft:shield":2,"minecraft:stick":24,"minecraft:iron_ingot":29,"minecraft:iron_pickaxe":1,"minecraft:stone_pickaxe":4,"minecraft:wooden_axe":4,"minecraft:iron_leggings":1,"minecraft:stone_sword":1,"minecraft:chest":2,"minecraft:torch":8},"minecraft:custom":{"minecraft:interact_with_furnace":37,"minecraft:mob_kills":18,"minecraft:interact_with_crafting_table":20,"minecraft:leave_game":1,"minecraft:time_since_death":94906,"minecraft:sleep_in_bed":1,"minecraft:time_since_rest":62617,"minecraft:sprint_one_cm":243827,"minecraft:damage_taken":1297,"minecraft:walk_one_cm":241367,"minecraft:damage_blocked_by_shield":330,"minecraft:drop":74,"minecraft:damage_dealt":2437,"minecraft:swim_one_cm":2822,"minecraft:fly_one_cm":288175,"minecraft:open_chest":3,"minecraft:crouch_one_cm":1048,"minecraft:play_time":94906,"minecraft:sneak_time":622,"minecraft:walk_under_water_one_cm":10403,"minecraft:jump":1452,"minecraft:walk_on_water_one_cm":28835,"minecraft:total_world_time":94906,"minecraft:fall_one_cm":32433},"minecraft:used":{"minecraft:diorite":2,"minecraft:cooked_mutton":5,"minecraft:stone_sword":68,"minecraft:stone_pickaxe":324,"minecraft:oak_planks":55,"minecraft:shield":8,"minecraft:spruce_planks":57,"minecraft:wooden_pickaxe":17,"minecraft:cooked_salmon":11,"minecraft:torch":37,"minecraft:dirt":4,"minecraft:crafting_table":8,"minecraft:tuff":4,"minecraft:glass":3,"minecraft:wooden_axe":318,"minecraft:cornflower":4,"minecraft:chicken":1,"minecraft:bread":1,"minecraft:iron_pickaxe":16,"modernlife:oak_chair":6,"minecraft:stone_axe":32,"minecraft:cobblestone":18,"minecraft:sweet_berries":28,"minecraft:furnace":3},"minecraft:killed":{"minecraft:cave_spider":1,"minecraft:spider":2,"minecraft:frog":2,"minecraft:skeleton":1,"minecraft:sheep":4,"minecraft:zombie":5,"minecraft:chicken":2,"minecraft:cow":1}},"DataVersion":3465}