{"stats":{"minecraft:broken":{"minecraft:stone_pickaxe":2,"minecraft:wooden_axe":5},"minecraft:dropped":{"biomesoplenty:maple_sapling":2,"minecraft:granite":8,"biomesoplenty:snowblossom_sapling":41,"modernlife:guitar":1,"minecraft:diorite":29,"minecraft:torch":21,"minecraft:wooden_axe":1,"minecraft:cooked_salmon":27,"minecraft:white_wool":2,"minecraft:spruce_sapling":5,"minecraft:sweet_berries":7,"minecraft:stone_sword":3,"biomesoplenty:white_petals":29,"minecraft:shield":1,"minecraft:spider_eye":2,"minecraft:wooden_pickaxe":2},"minecraft:killed_by":{"minecraft:creeper":1},"minecraft:mined":{"minecraft:tuff":1,"minecraft:spruce_planks":8,"minecraft:white_bed":5,"minecraft:deepslate_diamond_ore":3,"minecraft:cherry_log":219,"minecraft:granite":8,"minecraft:grass_block":36,"biomesoplenty:white_petals":24,"minecraft:iron_ore":41,"minecraft:andesite":14,"minecraft:deepslate_iron_ore":8,"biomesoplenty:webbing":1,"biomesoplenty:spider_egg":1,"minecraft:stone":138,"modernlife:spruce_chair":1,"minecraft:brown_mushroom":1,"minecraft:crafting_table":6,"minecraft:cornflower":4,"minecraft:torch":1,"biomesoplenty:snowblossom_leaves":1,"modernlife:oak_chair":6,"minecraft:copper_ore":1,"minecraft:cobblestone":1,"minecraft:oak_planks":7,"minecraft:diorite":35,"minecraft:wall_torch":3,"minecraft:sweet_berry_bush":15,"minecraft:spruce_log":12,"biomesoplenty:maple_leaves":1,"biomesoplenty:fir_log":11,"minecraft:grass":10,"biomesoplenty:dead_log":13,"minecraft:oak_log":42,"minecraft:coal_ore":10,"minecraft:gravel":3,"minecraft:sand":6,"minecraft:dirt":16,"biomesoplenty:stringy_cobweb":1,"minecraft:gold_ore":1,"minecraft:deepslate":85,"minecraft:fern":2},"minecraft:custom":{"minecraft:mob_kills":24,"minecraft:interact_with_crafting_table":31,"minecraft:leave_game":2,"minecraft:time_since_death":7165,"minecraft:sprint_one_cm":321591,"minecraft:walk_one_cm":334933,"minecraft:damage_blocked_by_shield":420,"minecraft:drop":78,"minecraft:play_time":143135,"minecraft:deaths":1,"minecraft:sneak_time":797,"minecraft:walk_under_water_one_cm":10518,"minecraft:jump":2261,"minecraft:walk_on_water_one_cm":38719,"minecraft:total_world_time":143135,"minecraft:interact_with_furnace":42,"minecraft:sleep_in_bed":3,"minecraft:time_since_rest":7194,"minecraft:damage_taken":1951,"minecraft:damage_dealt":3583,"minecraft:swim_one_cm":3543,"minecraft:fly_one_cm":442650,"minecraft:open_chest":22,"minecraft:crouch_one_cm":1298,"minecraft:fall_one_cm":50675},"minecraft:picked_up":{"minecraft:wooden_axe":2,"minecraft:iron_chestplate":1,"minecraft:crafting_table":7,"minecraft:chicken":2,"minecraft:wooden_pickaxe":1,"minecraft:shield":1,"minecraft:cornflower":4,"minecraft:string":12,"minecraft:raw_copper":5,"minecraft:cooked_salmon":32,"minecraft:iron_leggings":2,"minecraft:cobbled_deepslate":86,"minecraft:spruce_planks":9,"minecraft:beef":2,"modernlife:oak_chair":6,"minecraft:iron_pickaxe":1,"minecraft:iron_boots":1,"minecraft:furnace":1,"minecraft:raw_iron":49,"minecraft:stick":47,"modernlife:spruce_chair":1,"minecraft:torch":70,"minecraft:cherry_log":196,"minecraft:diorite":31,"minecraft:stone_sword":3,"minecraft:arrow":8,"minecraft:rotten_flesh":8,"modernlife:guitar":2,"biomesoplenty:white_petals":136,"minecraft:mutton":13,"minecraft:glow_berries":3,"minecraft:snowball":6,"minecraft:cobblestone":384,"minecraft:white_wool":2,"minecraft:feather":1,"minecraft:cherry_planks":258,"minecraft:andesite":24,"minecraft:leather":2,"biomesoplenty:dead_log":9,"biomesoplenty:fir_log":1,"minecraft:tuff":4,"minecraft:oak_log":42,"minecraft:cherry_door":2,"minecraft:dirt":94,"biomesoplenty:snowblossom_sapling":67,"minecraft:bone":2,"minecraft:wheat_seeds":1,"minecraft:raw_gold":1,"minecraft:stone_pickaxe":2,"minecraft:oak_planks":21,"minecraft:sweet_berries":35,"minecraft:gravel":3,"minecraft:sand":6,"minecraft:spruce_sapling":5,"minecraft:white_bed":5,"minecraft:spruce_log":12,"minecraft:spider_eye":2,"biomesoplenty:maple_sapling":2,"minecraft:diamond":4,"minecraft:stone_axe":2,"minecraft:iron_helmet":1,"minecraft:granite":8,"minecraft:black_wool":1,"minecraft:coal":13,"minecraft:diamond_pickaxe":1},"minecraft:used":{"minecraft:stone_sword":86,"minecraft:spruce_planks":57,"minecraft:shield":10,"minecraft:cooked_salmon":16,"minecraft:torch":45,"minecraft:dirt":60,"minecraft:tuff":4,"minecraft:glass":3,"minecraft:wooden_axe":318,"minecraft:sweet_berries":28,"minecraft:furnace":3,"minecraft:cherry_log":4,"minecraft:cooked_mutton":5,"minecraft:diorite":2,"minecraft:stone_pickaxe":330,"minecraft:oak_planks":56,"minecraft:wooden_pickaxe":17,"minecraft:crafting_table":9,"minecraft:white_bed":4,"minecraft:cornflower":4,"minecraft:chicken":1,"minecraft:bread":1,"minecraft:iron_pickaxe":16,"modernlife:oak_chair":7,"minecraft:stone_axe":83,"minecraft:cobblestone":41},"minecraft:killed":{"minecraft:cave_spider":1,"minecraft:spider":2,"minecraft:skeleton":1,"minecraft:chicken":2,"minecraft:frog":2,"minecraft:sheep":4,"minecraft:zombie":10,"minecraft:cow":1},"minecraft:crafted":{"minecraft:oak_planks":132,"minecraft:furnace":3,"minecraft:cooked_mutton":5,"minecraft:glass":3,"minecraft:iron_boots":1,"minecraft:stone_pickaxe":4,"minecraft:chest":2,"biomesoplenty:dead_planks":36,"minecraft:crafting_table":4,"minecraft:spruce_planks":48,"minecraft:wooden_pickaxe":1,"minecraft:iron_helmet":1,"modernlife:oak_chair":1,"minecraft:cooked_salmon":21,"minecraft:stone_axe":2,"minecraft:iron_chestplate":1,"minecraft:diamond_pickaxe":1,"minecraft:shield":2,"minecraft:stick":32,"minecraft:iron_pickaxe":1,"minecraft:iron_ingot":29,"minecraft:wooden_axe":4,"minecraft:stone_sword":2,"minecraft:iron_leggings":1,"minecraft:torch":8}},"DataVersion":3465}