{"stats":{"minecraft:killed":{"minecraft:cave_spider":1,"minecraft:spider":2,"minecraft:skeleton":4,"minecraft:chicken":6,"minecraft:frog":2,"minecraft:sheep":12,"minecraft:zombie":14,"minecraft:cow":1},"minecraft:crafted":{"minecraft:oak_planks":132,"minecraft:cherry_slab":12,"minecraft:furnace":3,"handcrafted:cherry_pillar_trim":4,"minecraft:cooked_mutton":5,"minecraft:glass":3,"minecraft:iron_boots":1,"minecraft:cherry_stairs":16,"minecraft:stone_pickaxe":4,"minecraft:chest":3,"minecraft:cherry_fence_gate":1,"biomesoplenty:dead_planks":36,"minecraft:crafting_table":7,"minecraft:spruce_planks":48,"minecraft:wooden_pickaxe":1,"minecraft:iron_helmet":1,"modernlife:oak_chair":1,"handcrafted:cherry_table":8,"minecraft:cooked_salmon":21,"minecraft:stone_axe":3,"minecraft:iron_chestplate":1,"minecraft:diamond_pickaxe":1,"minecraft:shield":2,"minecraft:stick":40,"minecraft:iron_ingot":31,"minecraft:iron_pickaxe":1,"minecraft:wooden_axe":4,"minecraft:stone_sword":2,"minecraft:snow_block":1,"minecraft:iron_leggings":1,"aether:white_cape":1,"minecraft:torch":8,"minecraft:shears":1,"handcrafted:cherry_corner_trim":4},"minecraft:picked_up":{"minecraft:wooden_axe":2,"minecraft:crafting_table":10,"minecraft:iron_chestplate":2,"handcrafted:cherry_table":2,"minecraft:chicken":6,"minecraft:wooden_pickaxe":1,"minecraft:shield":2,"minecraft:cornflower":4,"minecraft:string":12,"minecraft:raw_copper":5,"minecraft:cooked_salmon":36,"handcrafted:cherry_pillar_trim":3,"minecraft:iron_leggings":3,"minecraft:glass_pane":14,"minecraft:cobbled_deepslate":86,"minecraft:spruce_planks":9,"minecraft:beef":2,"modernlife:oak_chair":6,"minecraft:iron_pickaxe":2,"minecraft:sugar_cane":3,"minecraft:iron_boots":2,"minecraft:furnace":1,"minecraft:stick":54,"minecraft:raw_iron":51,"minecraft:cherry_stairs":12,"modernlife:spruce_chair":1,"minecraft:torch":70,"minecraft:snow_block":49,"minecraft:cherry_log":226,"minecraft:diorite":31,"minecraft:rotten_flesh":12,"minecraft:stone_sword":4,"minecraft:arrow":9,"minecraft:stone_shovel":4,"modernlife:guitar":2,"biomesoplenty:white_petals":183,"minecraft:glow_berries":3,"minecraft:mutton":27,"minecraft:cobblestone":536,"minecraft:snowball":12,"minecraft:white_wool":11,"minecraft:feather":7,"minecraft:cherry_planks":551,"minecraft:andesite":24,"minecraft:leather":2,"biomesoplenty:dead_log":9,"biomesoplenty:fir_log":1,"minecraft:tuff":4,"minecraft:oak_log":42,"minecraft:cherry_fence":10,"minecraft:blue_bed":1,"minecraft:dirt":129,"minecraft:cherry_door":7,"minecraft:lantern":6,"biomesoplenty:snowblossom_sapling":67,"minecraft:bone":4,"modernlife:glass_stairs":5,"minecraft:wheat_seeds":3,"minecraft:raw_gold":1,"minecraft:rabbit_hide":1,"minecraft:stone_pickaxe":4,"modernlife:glass_door":1,"minecraft:rabbit":4,"minecraft:oak_planks":21,"minecraft:sweet_berries":272,"minecraft:gravel":3,"minecraft:sand":6,"minecraft:spruce_sapling":5,"modernlife:glass_slab":6,"minecraft:white_bed":5,"minecraft:spruce_log":12,"biomesoplenty:snowblossom_leaves":30,"minecraft:spider_eye":2,"biomesoplenty:maple_sapling":2,"minecraft:diamond":4,"minecraft:stone_axe":4,"minecraft:iron_helmet":2,"minecraft:granite":8,"handcrafted:cherry_corner_trim":1,"minecraft:cherry_slab":3,"minecraft:black_wool":1,"minecraft:coal":13,"minecraft:diamond_pickaxe":2},"minecraft:mined":{"modernlife:glass_slab":11,"handcrafted:cherry_corner_trim":1,"minecraft:tuff":1,"minecraft:spruce_planks":8,"minecraft:white_bed":5,"handcrafted:cherry_pillar_trim":3,"minecraft:deepslate_diamond_ore":3,"minecraft:cherry_log":219,"minecraft:granite":8,"minecraft:grass_block":66,"biomesoplenty:white_petals":28,"minecraft:spruce_leaves":8,"minecraft:iron_ore":43,"minecraft:andesite":14,"minecraft:deepslate_iron_ore":8,"minecraft:flowering_azalea_leaves":1,"biomesoplenty:webbing":1,"biomesoplenty:spider_egg":1,"minecraft:stone":139,"minecraft:cherry_stairs":12,"modernlife:spruce_chair":1,"minecraft:brown_mushroom":1,"minecraft:glass_pane":15,"minecraft:cherry_planks":10,"modernlife:glass_door":1,"handcrafted:cherry_chair":1,"handcrafted:cherry_table":2,"modernlife:glass_stairs":5,"minecraft:crafting_table":9,"minecraft:cornflower":4,"minecraft:torch":1,"biomesoplenty:snowblossom_leaves":53,"modernlife:oak_chair":6,"minecraft:glass":2,"minecraft:copper_ore":1,"minecraft:cobblestone":11,"minecraft:oak_planks":7,"minecraft:diorite":35,"minecraft:wall_torch":3,"minecraft:cherry_slab":2,"minecraft:cherry_fence":9,"minecraft:sweet_berry_bush":106,"minecraft:spruce_log":12,"minecraft:cherry_door":1,"biomesoplenty:maple_leaves":1,"biomesoplenty:fir_log":11,"minecraft:grass":16,"biomesoplenty:dead_log":13,"minecraft:oak_log":42,"minecraft:coal_ore":10,"minecraft:gravel":3,"minecraft:sand":6,"minecraft:dirt":20,"biomesoplenty:stringy_cobweb":1,"minecraft:gold_ore":1,"minecraft:deepslate":85,"minecraft:fern":2},"minecraft:custom":{"minecraft:mob_kills":43,"minecraft:interact_with_crafting_table":49,"minecraft:leave_game":4,"minecraft:time_since_death":89618,"minecraft:sprint_one_cm":503728,"minecraft:walk_one_cm":654498,"minecraft:damage_blocked_by_shield":1155,"minecraft:drop":83,"minecraft:play_time":234655,"minecraft:deaths":3,"minecraft:sneak_time":874,"minecraft:walk_under_water_one_cm":10964,"minecraft:jump":3767,"minecraft:walk_on_water_one_cm":44146,"minecraft:total_world_time":234655,"minecraft:interact_with_furnace":47,"minecraft:sleep_in_bed":4,"minecraft:time_since_rest":34290,"minecraft:damage_taken":3069,"minecraft:damage_dealt":5828,"minecraft:swim_one_cm":4855,"minecraft:fly_one_cm":772185,"minecraft:open_chest":41,"minecraft:crouch_one_cm":1619,"minecraft:fall_one_cm":88304},"minecraft:dropped":{"aether:white_cape":1,"biomesoplenty:maple_sapling":2,"minecraft:granite":8,"biomesoplenty:snowblossom_sapling":41,"modernlife:guitar":1,"minecraft:diorite":29,"minecraft:torch":21,"minecraft:wooden_axe":1,"minecraft:cooked_salmon":27,"modernlife:glass_door":1,"handcrafted:cherry_pillar_trim":2,"minecraft:white_wool":2,"minecraft:spruce_sapling":5,"minecraft:sugar_cane":3,"minecraft:sweet_berries":7,"minecraft:stone_sword":3,"minecraft:rotten_flesh":3,"biomesoplenty:white_petals":29,"minecraft:shield":1,"minecraft:spider_eye":2,"minecraft:wooden_pickaxe":2},"minecraft:used":{"minecraft:stone_sword":86,"minecraft:chest":1,"minecraft:spruce_planks":57,"minecraft:shield":27,"handcrafted:cherry_pillar_trim":5,"minecraft:cooked_salmon":21,"minecraft:torch":45,"minecraft:dirt":68,"minecraft:tuff":4,"minecraft:glass":3,"minecraft:wooden_axe":318,"minecraft:lantern":6,"minecraft:cherry_slab":15,"biomesoplenty:white_petals":2,"minecraft:cherry_fence_gate":1,"modernlife:glass_slab":3,"minecraft:sweet_berries":228,"minecraft:furnace":3,"minecraft:cherry_fence":6,"minecraft:cherry_log":14,"minecraft:cooked_mutton":5,"modernlife:glass_stairs":5,"minecraft:diorite":2,"minecraft:snow_block":2,"minecraft:stone_pickaxe":347,"minecraft:oak_planks":56,"minecraft:wooden_pickaxe":17,"minecraft:cherry_planks":59,"minecraft:blue_bed":1,"minecraft:crafting_table":15,"minecraft:white_bed":4,"minecraft:shears":37,"minecraft:cornflower":4,"minecraft:cherry_door":5,"minecraft:chicken":1,"minecraft:bread":1,"minecraft:iron_pickaxe":16,"biomesoplenty:snowblossom_leaves":12,"modernlife:oak_chair":7,"minecraft:stone_axe":277,"handcrafted:cherry_corner_trim":1,"minecraft:cobblestone":66,"minecraft:cherry_stairs":28,"minecraft:glass_pane":2,"handcrafted:cherry_table":8},"minecraft:broken":{"minecraft:stone_pickaxe":2,"minecraft:stone_axe":2,"minecraft:wooden_axe":5},"minecraft:killed_by":{"minecraft:creeper":1,"minecraft:spider":1,"minecraft:skeleton":1}},"DataVersion":3465}