{"stats":{"minecraft:dropped":{"minecraft:wheat_seeds":2,"modernlife:guitar":2,"minecraft:torch":64,"minecraft:wooden_axe":1,"minecraft:cherry_planks":2,"minecraft:cooked_salmon":13,"minecraft:dandelion":1,"minecraft:poppy":1},"minecraft:broken":{"minecraft:stone_sword":1,"minecraft:stone_pickaxe":1,"minecraft:wooden_axe":5},"minecraft:mined":{"minecraft:tuff":3,"minecraft:spruce_planks":2,"minecraft:white_bed":1,"minecraft:deepslate_diamond_ore":3,"minecraft:cherry_log":36,"minecraft:glow_lichen":1,"minecraft:granite":22,"minecraft:grass_block":2,"minecraft:tall_seagrass":8,"minecraft:furnace":3,"minecraft:iron_ore":42,"minecraft:andesite":8,"minecraft:deepslate_iron_ore":4,"biomesoplenty:webbing":2,"biomesoplenty:barley":2,"minecraft:stone":126,"biomesoplenty:spider_egg":1,"minecraft:brown_mushroom":2,"minecraft:crafting_table":7,"minecraft:torch":2,"biomesoplenty:fir_planks":1,"minecraft:chest":1,"modernlife:oak_chair":1,"minecraft:deepslate_gold_ore":6,"minecraft:oak_planks":1,"minecraft:diorite":9,"minecraft:wall_torch":2,"minecraft:deepslate_copper_ore":1,"minecraft:seagrass":2,"minecraft:sweet_berry_bush":1,"minecraft:spruce_log":21,"biomesoplenty:fir_log":23,"minecraft:grass":12,"biomesoplenty:dead_log":57,"minecraft:coal_ore":41,"minecraft:oak_log":85,"biomesoplenty:fir_leaves":1,"minecraft:dirt":3,"biomesoplenty:stringy_cobweb":2,"minecraft:cobweb":11,"minecraft:gold_ore":1,"minecraft:deepslate":98,"minecraft:fern":2},"minecraft:killed_by":{"minecraft:creeper":1,"minecraft:spider":2,"minecraft:skeleton":3,"minecraft:zombie":1},"minecraft:picked_up":{"minecraft:iron_chestplate":1,"minecraft:crafting_table":10,"minecraft:chicken":2,"minecraft:brown_mushroom":2,"minecraft:wooden_pickaxe":2,"minecraft:shield":5,"minecraft:string":14,"minecraft:raw_copper":8,"minecraft:cooked_salmon":49,"minecraft:iron_leggings":1,"biomesoplenty:dead_sapling":7,"minecraft:cobbled_deepslate":213,"biomesoplenty:fir_planks":1,"minecraft:spruce_planks":1,"modernlife:oak_chair":1,"minecraft:poppy":1,"minecraft:iron_pickaxe":1,"minecraft:chest":1,"minecraft:iron_boots":1,"minecraft:furnace":3,"minecraft:raw_iron":77,"minecraft:stick":215,"minecraft:torch":24,"minecraft:cherry_log":75,"minecraft:diorite":59,"minecraft:stone_sword":4,"minecraft:arrow":8,"minecraft:rotten_flesh":21,"modernlife:guitar":1,"minecraft:mutton":16,"minecraft:white_wool":10,"minecraft:rail":2,"minecraft:cobblestone":115,"minecraft:feather":1,"minecraft:salmon":60,"minecraft:andesite":9,"biomesoplenty:dead_log":273,"biomesoplenty:fir_sapling":5,"biomesoplenty:fir_log":23,"minecraft:tuff":3,"minecraft:oak_log":75,"minecraft:gunpowder":2,"minecraft:dirt":49,"biomesoplenty:snowblossom_sapling":53,"minecraft:cooked_mutton":2,"minecraft:bone":7,"minecraft:apple":6,"minecraft:wheat_seeds":7,"minecraft:raw_gold":14,"minecraft:stone_pickaxe":1,"minecraft:oak_planks":91,"minecraft:sweet_berries":7,"minecraft:dandelion":2,"minecraft:spruce_sapling":4,"minecraft:white_bed":1,"minecraft:spruce_log":19,"minecraft:spider_eye":1,"biomesoplenty:maple_sapling":24,"minecraft:diamond":3,"minecraft:iron_helmet":1,"minecraft:granite":52,"minecraft:bone_meal":3,"minecraft:gray_wool":2,"minecraft:bread":1,"minecraft:coal":38},"minecraft:crafted":{"minecraft:cherry_planks":52,"minecraft:oak_planks":256,"modernlife:guitar":2,"minecraft:furnace":3,"minecraft:cooked_mutton":3,"minecraft:iron_boots":1,"minecraft:stone_pickaxe":2,"minecraft:chest":2,"minecraft:crafting_table":1,"minecraft:spruce_planks":76,"minecraft:wooden_pickaxe":2,"minecraft:iron_helmet":1,"minecraft:cooked_salmon":26,"minecraft:air":0,"biomesoplenty:fir_planks":92,"minecraft:iron_chestplate":1,"minecraft:iron_ingot":27,"minecraft:iron_pickaxe":1,"minecraft:wooden_axe":6,"minecraft:stone_sword":2,"minecraft:cherry_door":3,"minecraft:iron_leggings":1,"minecraft:white_bed":2,"minecraft:torch":152},"minecraft:custom":{"minecraft:mob_kills":87,"minecraft:interact_with_crafting_table":31,"minecraft:leave_game":5,"minecraft:time_since_death":2645,"minecraft:sprint_one_cm":408547,"minecraft:walk_one_cm":201683,"minecraft:damage_blocked_by_shield":1215,"minecraft:drop":9,"minecraft:play_time":96651,"minecraft:deaths":7,"minecraft:sneak_time":2536,"minecraft:walk_under_water_one_cm":27119,"minecraft:jump":2076,"minecraft:walk_on_water_one_cm":33643,"minecraft:total_world_time":96651,"minecraft:interact_with_furnace":48,"minecraft:sleep_in_bed":1,"minecraft:time_since_rest":2668,"minecraft:damage_taken":2927,"minecraft:damage_dealt":5926,"minecraft:swim_one_cm":64643,"minecraft:fly_one_cm":486094,"minecraft:open_chest":4,"minecraft:crouch_one_cm":6205,"minecraft:fall_one_cm":52575},"minecraft:used":{"minecraft:stone_sword":151,"minecraft:spruce_planks":1,"minecraft:chest":3,"minecraft:shield":14,"minecraft:cooked_salmon":19,"minecraft:rotten_flesh":1,"minecraft:torch":101,"minecraft:dirt":8,"minecraft:mutton":2,"minecraft:granite":3,"minecraft:wooden_axe":276,"minecraft:sweet_berries":7,"minecraft:furnace":4,"minecraft:cooked_mutton":1,"minecraft:stone_pickaxe":258,"minecraft:oak_planks":62,"minecraft:wooden_pickaxe":34,"biomesoplenty:fir_planks":63,"minecraft:crafting_table":7,"minecraft:white_bed":3,"minecraft:apple":6,"minecraft:cherry_door":1,"minecraft:iron_pickaxe":85,"modernlife:oak_chair":1,"minecraft:cobblestone":7},"minecraft:killed":{"minecraft:cave_spider":1,"minecraft:spider":2,"minecraft:skeleton":3,"minecraft:chicken":2,"minecraft:salmon":61,"minecraft:frog":2,"minecraft:creeper":1,"minecraft:sheep":5,"minecraft:zombie":9}},"DataVersion":3465}