{"stats":{"minecraft:broken":{"minecraft:stone_sword":1,"minecraft:stone_pickaxe":1,"minecraft:wooden_axe":5,"minecraft:stone_shovel":1},"minecraft:dropped":{"minecraft:wheat_seeds":2,"minecraft:rail":1,"modernlife:guitar":2,"minecraft:torch":64,"minecraft:wooden_axe":1,"minecraft:cherry_planks":2,"minecraft:cooked_salmon":13,"minecraft:dandelion":1,"minecraft:poppy":1,"minecraft:spider_eye":1},"minecraft:killed_by":{"minecraft:creeper":4,"minecraft:spider":2,"minecraft:skeleton":5,"minecraft:zombie":1},"minecraft:mined":{"minecraft:tuff":3,"minecraft:spruce_planks":2,"minecraft:white_bed":1,"minecraft:mossy_cobblestone":78,"minecraft:deepslate_diamond_ore":3,"minecraft:cherry_log":109,"minecraft:glow_lichen":1,"minecraft:granite":22,"minecraft:grass_block":130,"biomesoplenty:white_petals":27,"minecraft:tall_seagrass":8,"minecraft:furnace":3,"minecraft:iron_ore":42,"minecraft:snow":3,"minecraft:andesite":8,"minecraft:deepslate_iron_ore":4,"biomesoplenty:webbing":2,"biomesoplenty:barley":2,"biomesoplenty:spider_egg":1,"minecraft:stone":126,"minecraft:brown_mushroom":2,"minecraft:cherry_planks":4,"minecraft:crafting_table":7,"minecraft:torch":3,"biomesoplenty:fir_planks":1,"biomesoplenty:snowblossom_leaves":4,"minecraft:chest":2,"modernlife:oak_chair":1,"minecraft:deepslate_gold_ore":6,"minecraft:oak_planks":1,"minecraft:diorite":9,"minecraft:wall_torch":2,"minecraft:deepslate_copper_ore":1,"minecraft:seagrass":2,"minecraft:sweet_berry_bush":1,"minecraft:spruce_log":21,"biomesoplenty:fir_log":23,"minecraft:grass":16,"biomesoplenty:dead_log":57,"minecraft:oak_log":85,"minecraft:coal_ore":41,"biomesoplenty:fir_leaves":1,"minecraft:dirt":14,"biomesoplenty:stringy_cobweb":2,"minecraft:cobweb":11,"minecraft:gold_ore":1,"minecraft:deepslate":98,"minecraft:fern":3},"minecraft:custom":{"minecraft:mob_kills":90,"minecraft:interact_with_crafting_table":37,"minecraft:leave_game":8,"minecraft:time_since_death":4883,"minecraft:sprint_one_cm":508233,"minecraft:walk_one_cm":245306,"minecraft:damage_blocked_by_shield":1215,"minecraft:drop":11,"minecraft:play_time":150452,"minecraft:deaths":12,"minecraft:sneak_time":4430,"minecraft:walk_under_water_one_cm":27583,"minecraft:jump":2672,"minecraft:walk_on_water_one_cm":36267,"minecraft:total_world_time":150452,"minecraft:interact_with_furnace":53,"minecraft:sleep_in_bed":1,"minecraft:time_since_rest":4913,"minecraft:damage_taken":4712,"minecraft:damage_dealt":6699,"minecraft:swim_one_cm":65083,"minecraft:fly_one_cm":634875,"minecraft:open_chest":38,"minecraft:crouch_one_cm":15737,"minecraft:fall_one_cm":68827},"minecraft:picked_up":{"minecraft:crafting_table":10,"minecraft:iron_chestplate":1,"minecraft:chicken":2,"minecraft:brown_mushroom":2,"minecraft:wooden_pickaxe":2,"minecraft:shield":5,"minecraft:string":14,"minecraft:raw_copper":8,"minecraft:cooked_salmon":104,"minecraft:iron_leggings":1,"biomesoplenty:dead_sapling":7,"minecraft:cobbled_deepslate":213,"biomesoplenty:fir_planks":1,"minecraft:spruce_planks":1,"modernlife:oak_chair":1,"minecraft:poppy":1,"minecraft:iron_pickaxe":1,"minecraft:chest":2,"minecraft:iron_boots":1,"minecraft:furnace":3,"minecraft:stick":237,"minecraft:raw_iron":77,"minecraft:torch":33,"minecraft:cherry_log":148,"minecraft:diorite":59,"minecraft:stone_sword":9,"minecraft:arrow":8,"minecraft:rotten_flesh":21,"modernlife:guitar":1,"biomesoplenty:white_petals":305,"minecraft:mutton":16,"minecraft:rail":3,"minecraft:snowball":47,"minecraft:white_wool":10,"minecraft:cobblestone":135,"minecraft:feather":1,"minecraft:cherry_planks":4,"minecraft:andesite":9,"minecraft:salmon":60,"biomesoplenty:dead_log":273,"biomesoplenty:fir_sapling":5,"biomesoplenty:fir_log":23,"minecraft:tuff":3,"minecraft:oak_log":75,"minecraft:gunpowder":4,"minecraft:dirt":475,"biomesoplenty:snowblossom_sapling":87,"minecraft:cooked_mutton":2,"minecraft:bone":13,"minecraft:apple":6,"minecraft:wheat_seeds":7,"minecraft:raw_gold":14,"minecraft:stone_pickaxe":1,"minecraft:oak_planks":91,"minecraft:sweet_berries":7,"minecraft:dandelion":2,"minecraft:spruce_sapling":4,"minecraft:white_bed":1,"minecraft:spruce_log":19,"minecraft:spider_eye":1,"minecraft:mossy_cobblestone":73,"biomesoplenty:maple_sapling":24,"minecraft:diamond":3,"minecraft:iron_helmet":1,"minecraft:granite":52,"minecraft:bone_meal":3,"minecraft:gray_wool":2,"minecraft:bread":1,"minecraft:coal":38},"minecraft:used":{"minecraft:stone_sword":165,"minecraft:stone_shovel":155,"minecraft:chest":8,"minecraft:spruce_planks":1,"minecraft:shield":14,"minecraft:cooked_salmon":24,"minecraft:rotten_flesh":1,"minecraft:torch":108,"minecraft:dirt":295,"minecraft:mutton":2,"minecraft:granite":3,"minecraft:wooden_axe":276,"minecraft:sweet_berries":7,"minecraft:furnace":4,"minecraft:cobbled_deepslate":16,"biomesoplenty:dead_log":1,"minecraft:cooked_mutton":1,"minecraft:stone_pickaxe":342,"minecraft:oak_planks":62,"minecraft:wooden_pickaxe":34,"minecraft:cherry_planks":4,"biomesoplenty:fir_planks":63,"minecraft:crafting_table":9,"minecraft:white_bed":4,"minecraft:apple":6,"minecraft:cherry_door":1,"minecraft:bread":1,"minecraft:iron_pickaxe":85,"modernlife:oak_chair":1,"minecraft:stone_axe":84,"minecraft:cobblestone":7},"minecraft:killed":{"minecraft:cave_spider":1,"minecraft:spider":2,"minecraft:skeleton":5,"minecraft:chicken":2,"minecraft:salmon":61,"minecraft:frog":2,"minecraft:creeper":2,"minecraft:sheep":5,"minecraft:zombie":9},"minecraft:crafted":{"minecraft:cherry_planks":828,"minecraft:oak_planks":300,"minecraft:stone_shovel":4,"modernlife:guitar":2,"minecraft:furnace":3,"minecraft:cooked_mutton":3,"minecraft:iron_boots":1,"minecraft:stone_pickaxe":2,"minecraft:chest":6,"minecraft:crafting_table":3,"minecraft:spruce_planks":76,"minecraft:wooden_pickaxe":2,"minecraft:iron_helmet":1,"minecraft:cooked_salmon":26,"minecraft:stone_axe":6,"minecraft:air":0,"biomesoplenty:fir_planks":92,"minecraft:iron_chestplate":1,"minecraft:stick":20,"minecraft:iron_ingot":27,"minecraft:iron_pickaxe":1,"minecraft:wooden_axe":6,"minecraft:stone_sword":2,"minecraft:cherry_door":3,"minecraft:iron_leggings":1,"minecraft:white_bed":2,"minecraft:torch":152}},"DataVersion":3465}