{"stats":{"minecraft:picked_up":{"cataclysm:ignitium_helmet":1,"cataclysm:ignitium_chestplate":1,"cataclysm:wither_assault_shoulder_weapon":1,"minecraft:wheat_seeds":1,"cataclysm:ignitium_boots":1,"cataclysm:gauntlet_of_guard":1,"cataclysm:ignitium_leggings":1},"minecraft:custom":{"minecraft:time_since_rest":12412,"minecraft:crouch_one_cm":723,"minecraft:play_time":12412,"minecraft:sprint_one_cm":24229,"minecraft:damage_taken":158,"minecraft:walk_one_cm":21802,"minecraft:sneak_time":666,"minecraft:walk_under_water_one_cm":104,"minecraft:drop":10,"minecraft:jump":173,"minecraft:damage_dealt":71,"minecraft:leave_game":1,"minecraft:time_since_death":12412,"minecraft:walk_on_water_one_cm":187,"minecraft:total_world_time":12412,"minecraft:player_kills":1,"minecraft:swim_one_cm":1795,"minecraft:fall_one_cm":5654,"minecraft:fly_one_cm":223611},"minecraft:dropped":{"cataclysm:wither_assault_shoulder_weapon":1,"cataclysm:ignitium_leggings":2,"cataclysm:ignitium_helmet":2,"cataclysm:ignitium_chestplate":1,"cataclysm:ignitium_elytra_chestplate":1,"cataclysm:gauntlet_of_guard":1,"cataclysm:ignitium_boots":2},"minecraft:used":{"minecraft:flint_and_steel":4,"cataclysm:coral_spear":1,"cataclysm:lionfish":1,"minecraft:obsidian":15}},"DataVersion":3465}