{"stats":{"minecraft:killed":{"minecraft:cave_spider":1,"minecraft:spider":3,"minecraft:skeleton":9,"minecraft:chicken":2,"minecraft:salmon":61,"minecraft:frog":2,"minecraft:creeper":3,"minecraft:sheep":5,"minecraft:zombie":13},"minecraft:picked_up":{"minecraft:crafting_table":14,"minecraft:iron_chestplate":2,"minecraft:chicken":2,"aether:iron_gloves":1,"minecraft:brown_mushroom":8,"minecraft:wooden_pickaxe":2,"minecraft:stripped_cherry_log":145,"minecraft:shield":6,"minecraft:string":16,"minecraft:raw_copper":8,"minecraft:iron_axe":11,"minecraft:cooked_salmon":104,"minecraft:iron_leggings":2,"biomesoplenty:dead_sapling":7,"minecraft:cobbled_deepslate":234,"biomesoplenty:fir_planks":1,"minecraft:spruce_planks":1,"modernlife:oak_chair":1,"modernlife:dual_monitor":1,"minecraft:poppy":1,"minecraft:iron_pickaxe":3,"minecraft:sugar_cane":3,"minecraft:chest":7,"minecraft:cherry_trapdoor":1,"minecraft:iron_boots":2,"minecraft:furnace":5,"minecraft:stick":331,"minecraft:raw_iron":195,"minecraft:cherry_stairs":16,"modernlife:six_panel_window":1,"minecraft:torch":118,"minecraft:spruce_stairs":30,"minecraft:cherry_log":186,"minecraft:diorite":59,"minecraft:redstone":72,"minecraft:stone_sword":9,"minecraft:arrow":20,"minecraft:stone_shovel":18,"minecraft:rotten_flesh":30,"modernlife:guitar":1,"aether:chainmail_gloves":1,"biomesoplenty:white_petals":395,"minecraft:mutton":16,"minecraft:rail":3,"minecraft:snowball":636,"minecraft:white_wool":10,"minecraft:cobblestone":277,"minecraft:feather":1,"minecraft:cherry_planks":285,"minecraft:andesite":9,"minecraft:salmon":60,"biomesoplenty:dead_log":273,"biomesoplenty:fir_sapling":5,"biomesoplenty:fir_log":23,"minecraft:tuff":3,"minecraft:oak_log":152,"minecraft:cherry_fence":2,"minecraft:gunpowder":18,"minecraft:dirt":504,"minecraft:blue_bed":1,"biomesoplenty:snowblossom_sapling":101,"minecraft:cooked_mutton":2,"minecraft:bone":29,"minecraft:apple":11,"minecraft:bow":2,"modernlife:glass_stairs":6,"minecraft:wheat_seeds":17,"minecraft:raw_gold":14,"minecraft:iron_ingot":15,"minecraft:stone_pickaxe":23,"minecraft:oak_planks":95,"minecraft:sweet_berries":686,"minecraft:dandelion":2,"minecraft:sand":313,"minecraft:spruce_sapling":17,"minecraft:white_bed":3,"minecraft:spruce_log":106,"minecraft:spider_eye":1,"biomesoplenty:snowblossom_leaves":219,"minecraft:mossy_cobblestone":73,"biomesoplenty:maple_sapling":53,"minecraft:diamond":13,"minecraft:stone_axe":7,"minecraft:iron_helmet":2,"minecraft:granite":52,"minecraft:bone_meal":3,"minecraft:gray_wool":2,"minecraft:chainmail_helmet":1,"minecraft:bread":1,"minecraft:cherry_slab":3,"minecraft:coal":110},"minecraft:crafted":{"minecraft:cherry_planks":1356,"minecraft:oak_planks":556,"minecraft:cobblestone_slab":6,"minecraft:stone_shovel":14,"minecraft:iron_nugget":9,"minecraft:cherry_slab":18,"modernlife:guitar":2,"minecraft:furnace":6,"minecraft:snow":6,"minecraft:bone_meal":21,"modernlife:glass_stairs":8,"minecraft:cooked_mutton":3,"minecraft:glass_pane":224,"minecraft:cherry_trapdoor":16,"minecraft:glass":221,"minecraft:spruce_stairs":228,"minecraft:iron_boots":2,"minecraft:iron_axe":2,"minecraft:cherry_stairs":24,"minecraft:stone_pickaxe":6,"minecraft:chest":10,"minecraft:cherry_fence":12,"modernlife:glass_slab":48,"modernlife:six_panel_window":1,"modernlife:monitor":3,"minecraft:cooked_beef":3,"modernlife:dual_monitor":1,"minecraft:wooden_shovel":3,"minecraft:cooked_porkchop":2,"minecraft:crafting_table":5,"minecraft:spruce_planks":424,"minecraft:iron_helmet":2,"minecraft:wooden_pickaxe":2,"minecraft:iron_sword":1,"minecraft:cooked_salmon":26,"minecraft:stone_axe":6,"handcrafted:cherry_chair":4,"minecraft:air":0,"aether:iron_gloves":1,"biomesoplenty:fir_planks":92,"minecraft:iron_chestplate":2,"modernlife:glass_door":1,"minecraft:stick":76,"minecraft:iron_ingot":73,"minecraft:iron_pickaxe":2,"minecraft:wooden_axe":6,"minecraft:stone_sword":2,"minecraft:snow_block":141,"minecraft:cherry_door":3,"minecraft:iron_leggings":2,"minecraft:white_bed":2,"modernlife:old_tv":1,"minecraft:torch":224,"minecraft:shears":1},"minecraft:mined":{"modernlife:dual_monitor":1,"minecraft:tuff":3,"minecraft:spruce_planks":2,"minecraft:white_bed":3,"minecraft:mossy_cobblestone":78,"minecraft:deepslate_diamond_ore":7,"minecraft:cherry_log":151,"minecraft:stripped_cherry_log":149,"minecraft:glow_lichen":1,"minecraft:cherry_trapdoor":1,"minecraft:granite":22,"minecraft:grass_block":152,"biomesoplenty:white_petals":62,"minecraft:tall_seagrass":8,"minecraft:furnace":4,"minecraft:iron_ore":63,"minecraft:snow":582,"minecraft:andesite":8,"modernlife:six_panel_window":1,"minecraft:deepslate_iron_ore":12,"biomesoplenty:webbing":2,"biomesoplenty:barley":2,"minecraft:stone":132,"biomesoplenty:spider_egg":1,"minecraft:cherry_stairs":17,"minecraft:podzol":2,"minecraft:deepslate_redstone_ore":5,"minecraft:brown_mushroom":8,"minecraft:glass_pane":9,"minecraft:cherry_planks":83,"modernlife:glass_stairs":6,"minecraft:crafting_table":9,"minecraft:torch":3,"biomesoplenty:fir_planks":1,"biomesoplenty:snowblossom_leaves":250,"minecraft:chest":7,"minecraft:dead_bush":2,"modernlife:oak_chair":1,"minecraft:deepslate_gold_ore":6,"minecraft:oak_planks":7,"minecraft:sugar_cane":1,"minecraft:diorite":9,"minecraft:blue_bed":1,"minecraft:wall_torch":2,"minecraft:cherry_slab":3,"minecraft:deepslate_copper_ore":1,"minecraft:spruce_stairs":39,"minecraft:seagrass":2,"minecraft:cherry_fence":3,"minecraft:sweet_berry_bush":27,"minecraft:ice":45,"minecraft:spruce_log":112,"biomesoplenty:fir_log":23,"biomesoplenty:dead_log":57,"minecraft:grass":40,"minecraft:oak_log":164,"minecraft:coal_ore":61,"biomesoplenty:fir_leaves":1,"minecraft:sand":302,"minecraft:dirt":22,"biomesoplenty:stringy_cobweb":2,"minecraft:cobweb":11,"minecraft:gold_ore":1,"minecraft:deepslate":104,"minecraft:fern":12},"minecraft:custom":{"minecraft:mob_kills":100,"minecraft:interact_with_crafting_table":82,"minecraft:leave_game":14,"minecraft:time_since_death":26659,"minecraft:sprint_one_cm":1105673,"minecraft:damage_blocked_by_shield":1335,"minecraft:walk_one_cm":653183,"minecraft:drop":22,"minecraft:play_time":319580,"minecraft:sneak_time":16668,"minecraft:deaths":19,"minecraft:walk_under_water_one_cm":34811,"minecraft:jump":6375,"minecraft:total_world_time":319580,"minecraft:walk_on_water_one_cm":52492,"minecraft:interact_with_furnace":125,"minecraft:sleep_in_bed":1,"minecraft:time_since_rest":27002,"minecraft:damage_taken":8247,"minecraft:damage_dealt":8804,"minecraft:crouch_one_cm":52244,"minecraft:swim_one_cm":66645,"minecraft:fly_one_cm":1539419,"minecraft:open_chest":177,"minecraft:fall_one_cm":152630},"minecraft:dropped":{"minecraft:iron_ingot":6,"minecraft:wheat_seeds":2,"biomesoplenty:snowblossom_leaves":179,"minecraft:rail":1,"modernlife:guitar":2,"minecraft:torch":64,"minecraft:wooden_axe":1,"minecraft:cherry_planks":2,"minecraft:cooked_salmon":13,"minecraft:dandelion":1,"minecraft:sweet_berries":64,"minecraft:stone_shovel":3,"minecraft:poppy":1,"minecraft:stripped_cherry_log":38,"minecraft:spider_eye":1,"modernlife:glass_slab":48},"minecraft:used":{"minecraft:stone_sword":169,"minecraft:stone_shovel":943,"minecraft:chest":17,"minecraft:spruce_planks":1,"minecraft:shield":19,"minecraft:iron_sword":1,"minecraft:cooked_salmon":28,"minecraft:wooden_shovel":180,"minecraft:rotten_flesh":3,"minecraft:torch":136,"minecraft:dirt":315,"minecraft:mutton":2,"minecraft:spruce_stairs":148,"minecraft:snowball":29,"minecraft:granite":3,"minecraft:glass":38,"minecraft:wooden_axe":276,"minecraft:iron_axe":505,"minecraft:cherry_slab":5,"modernlife:six_panel_window":1,"minecraft:cherry_trapdoor":17,"biomesoplenty:white_petals":17,"minecraft:iron_boots":1,"minecraft:bow":1,"minecraft:sweet_berries":352,"minecraft:furnace":8,"handcrafted:cherry_chair":3,"modernlife:monitor":1,"minecraft:cooked_beef":3,"minecraft:cherry_fence":13,"minecraft:cobbled_deepslate":16,"biomesoplenty:dead_log":1,"minecraft:cherry_log":151,"minecraft:cooked_mutton":1,"modernlife:glass_stairs":8,"minecraft:snow_block":235,"minecraft:stone_pickaxe":400,"minecraft:oak_planks":95,"modernlife:old_tv":1,"minecraft:wooden_pickaxe":34,"biomesoplenty:fir_planks":63,"minecraft:cherry_planks":263,"minecraft:chainmail_helmet":1,"minecraft:blue_bed":1,"minecraft:cobblestone_slab":3,"modernlife:glass_door":1,"minecraft:crafting_table":11,"minecraft:white_bed":6,"minecraft:shears":238,"minecraft:apple":6,"minecraft:cherry_door":1,"minecraft:bread":1,"minecraft:iron_pickaxe":104,"biomesoplenty:snowblossom_leaves":40,"minecraft:stone_axe":279,"modernlife:oak_chair":1,"minecraft:cherry_stairs":24,"minecraft:cobblestone":10,"modernlife:dual_monitor":2,"minecraft:cooked_porkchop":2,"minecraft:glass_pane":110,"minecraft:stripped_cherry_log":87,"minecraft:bone_meal":21},"minecraft:broken":{"minecraft:wooden_shovel":3,"minecraft:stone_sword":1,"minecraft:shears":1,"minecraft:stone_pickaxe":1,"minecraft:iron_axe":2,"minecraft:stone_axe":2,"minecraft:wooden_axe":5,"aether:chainmail_gloves":1,"minecraft:bow":1,"minecraft:stone_shovel":5},"minecraft:killed_by":{"minecraft:creeper":4,"minecraft:spider":2,"minecraft:skeleton":12,"minecraft:zombie":1}},"DataVersion":3465}