{"stats":{"minecraft:crafted":{"minecraft:oak_planks":280,"minecraft:cooked_mutton":4,"twilightforest:cooked_venison":3,"minecraft:iron_boots":2,"minecraft:chest":6,"biomesoplenty:jacaranda_stairs":8,"minecraft:wooden_shovel":2,"biomesoplenty:jacaranda_planks":88,"minecraft:cooked_porkchop":5,"minecraft:crafting_table":12,"minecraft:wooden_pickaxe":21,"minecraft:baked_potato":9,"minecraft:iron_helmet":1,"biomesoplenty:fir_planks":336,"minecraft:wooden_hoe":2,"minecraft:iron_chestplate":2,"minecraft:diamond_pickaxe":1,"minecraft:shield":1,"minecraft:stick":132,"minecraft:iron_ingot":74,"minecraft:iron_pickaxe":11,"minecraft:stone_sword":1,"toolbelt:belt":1,"minecraft:furnace":6,"minecraft:bone_meal":9,"twilightforest:twilight_oak_planks":40,"minecraft:stone_pickaxe":13,"minecraft:diamond_sword":1,"biomesoplenty:fir_boat":2,"minecraft:iron_sword":1,"minecraft:bucket":1,"minecraft:stone_axe":1,"minecraft:bread":7,"minecraft:air":0,"biomesoplenty:fir_sign":3,"minecraft:wooden_axe":4,"minecraft:iron_leggings":1,"minecraft:torch":64,"minecraft:diamond_chestplate":1},"minecraft:custom":{"minecraft:interact_with_crafting_table":95,"minecraft:open_barrel":1,"minecraft:leave_game":9,"minecraft:time_since_death":1212,"minecraft:sprint_one_cm":624581,"minecraft:damage_blocked_by_shield":1725,"minecraft:drop":101,"minecraft:talked_to_villager":1,"minecraft:play_time":307670,"minecraft:deaths":12,"minecraft:jump":4896,"minecraft:walk_on_water_one_cm":60873,"minecraft:interact_with_furnace":91,"twilightforest:uncrafting_table_interactions":1,"minecraft:damage_dealt":15429,"minecraft:crouch_one_cm":14750,"minecraft:horse_one_cm":7458,"minecraft:mob_kills":98,"minecraft:inspect_hopper":3,"minecraft:climb_one_cm":64,"minecraft:walk_one_cm":822378,"minecraft:sneak_time":8131,"minecraft:walk_under_water_one_cm":74692,"minecraft:boat_one_cm":133695,"minecraft:interact_with_blast_furnace":3,"minecraft:total_world_time":307670,"minecraft:time_since_rest":1240,"minecraft:damage_taken":7977,"minecraft:trigger_trapped_chest":3,"minecraft:swim_one_cm":235462,"minecraft:fly_one_cm":6906408,"minecraft:open_chest":101,"minecraft:fall_one_cm":140888},"minecraft:killed":{"twilightforest:boar":2,"minecraft:spider":9,"minecraft:skeleton":4,"minecraft:chicken":3,"twilightforest:raven":1,"twilightforest:skeleton_druid":1,"minecraft:sheep":4,"twilightforest:redcap":2,"minecraft:zombie":23,"minecraft:cow":8,"twilightforest:winter_wolf":5,"twilightforest:deer":3,"minecraft:horse":3,"twilightforest:naga":1,"twilightforest:swarm_spider":1,"twilightforest:kobold":23,"twilightforest:yeti":1,"twilightforest:bighorn_sheep":3},"minecraft:used":{"twilightforest:spiral_bricks":6,"minecraft:iron_shovel":13,"minecraft:poppy":1,"minecraft:chest":6,"minecraft:shield":57,"minecraft:iron_sword":171,"minecraft:rotten_flesh":44,"minecraft:iron_chestplate":2,"minecraft:mutton":2,"minecraft:carrot":2,"minecraft:tuff":11,"twilightforest:cooked_venison":3,"twilightforest:twilight_oak_planks":19,"minecraft:iron_helmet":5,"minecraft:mossy_cobblestone_slab":1,"twilightforest:nagastone":1,"minecraft:written_book":3,"minecraft:sweet_berries":35,"minecraft:furnace":7,"minecraft:egg":3,"minecraft:potato":9,"minecraft:diorite":4,"minecraft:diamond_boots":1,"minecraft:stone_pickaxe":406,"minecraft:oak_planks":20,"minecraft:wooden_pickaxe":142,"biomesoplenty:fir_planks":197,"biomesoplenty:fir_boat":6,"biomesoplenty:lavender":2,"minecraft:sand":2,"biomesoplenty:jacaranda_planks":15,"minecraft:bread":11,"minecraft:gravel":6,"minecraft:diamond_sword":91,"minecraft:andesite":8,"biomesoplenty:fir_sign":3,"minecraft:bone_meal":9,"minecraft:experience_bottle":2,"minecraft:oak_fence":1,"minecraft:stone_sword":116,"minecraft:wooden_shovel":11,"minecraft:torch":24,"minecraft:dirt":59,"minecraft:diamond_helmet":1,"minecraft:golden_chestplate":3,"minecraft:granite":5,"biomesoplenty:redwood_log":1,"biomesoplenty:maple_sapling":4,"minecraft:wooden_axe":223,"biomesoplenty:redwood_wood":1,"biomesoplenty:tall_lavender":9,"minecraft:iron_boots":3,"biomesoplenty:jacaranda_stairs":7,"minecraft:diamond_chestplate":1,"minecraft:golden_carrot":7,"minecraft:cobbled_deepslate":21,"minecraft:iron_leggings":2,"minecraft:cooked_mutton":4,"biomesoplenty:jacaranda_door":2,"minecraft:water_bucket":2,"minecraft:baked_potato":13,"minecraft:crafting_table":13,"twilightforest:canopy_log":4,"minecraft:wooden_hoe":105,"minecraft:apple":3,"minecraft:cherry_door":2,"minecraft:chicken":2,"minecraft:iron_pickaxe":337,"biomesoplenty:toadstool":3,"minecraft:stone_axe":144,"minecraft:cobblestone":108,"twilightforest:raw_venison":2,"minecraft:cooked_porkchop":11,"minecraft:bucket":3,"minecraft:pumpkin_pie":6},"minecraft:picked_up":{"minecraft:wooden_axe":1,"minecraft:iron_chestplate":2,"minecraft:wheat":22,"aether:iron_gloves":1,"biomesoplenty:violet":8,"minecraft:string":29,"minecraft:raw_copper":25,"minecraft:smooth_stone_slab":14,"minecraft:iron_leggings":2,"biomesoplenty:tall_lavender":14,"minecraft:gold_nugget":7,"minecraft:cobbled_deepslate":121,"minecraft:bucket":2,"biomesoplenty:fir_planks":101,"minecraft:rose_bush":6,"minecraft:written_book":5,"minecraft:wooden_shovel":1,"minecraft:iron_pickaxe":2,"biomesoplenty:redwood_wood":1,"minecraft:iron_boots":3,"minecraft:furnace":2,"minecraft:stick":66,"minecraft:oak_fence":5,"minecraft:torch":8,"minecraft:porkchop":8,"minecraft:diorite":27,"minecraft:golden_chestplate":3,"minecraft:stone_sword":1,"minecraft:rotten_flesh":54,"minecraft:cobblestone":471,"biomesoplenty:lavender":97,"minecraft:mossy_cobblestone_slab":2,"minecraft:feather":8,"twilightforest:twilight_oak_log":10,"minecraft:water_bucket":1,"minecraft:andesite":23,"minecraft:brown_wool":4,"twilightforest:ore_magnet":2,"minecraft:potato":10,"biomesoplenty:fir_sapling":15,"biomesoplenty:fir_log":155,"minecraft:flint":1,"minecraft:tuff":32,"minecraft:lapis_lazuli":23,"minecraft:dirt":107,"minecraft:cherry_door":2,"minecraft:bone":6,"minecraft:wheat_seeds":42,"biomesoplenty:fir_boat":4,"minecraft:raw_gold":14,"minecraft:diamond_helmet":1,"minecraft:oak_planks":11,"biomesoplenty:toadstool":17,"minecraft:cooked_porkchop":9,"minecraft:poisonous_potato":1,"minecraft:sand":6,"twilightforest:canopy_log":5,"minecraft:lily_of_the_valley":1,"twilightforest:twilight_oak_sapling":6,"minecraft:diamond":36,"minecraft:granite":29,"twilightforest:arctic_fur":2,"minecraft:bread":4,"twilightforest:torchberries":9,"biomesoplenty:redwood_log":1,"minecraft:crafting_table":6,"minecraft:chicken":3,"minecraft:ladder":9,"toolbelt:pouch":1,"minecraft:wooden_pickaxe":6,"biomesoplenty:jacaranda_sapling":22,"twilightforest:nagastone":1,"minecraft:shield":3,"minecraft:cornflower":1,"minecraft:iron_axe":1,"minecraft:flint_and_steel":1,"minecraft:beef":17,"minecraft:poppy":1,"minecraft:sugar_cane":29,"minecraft:egg":5,"aether:iron_pendant":1,"minecraft:lime_wool":1,"minecraft:raw_iron":245,"minecraft:sandstone":7,"twilightforest:firefly":5,"minecraft:arrow":4,"biomesoplenty:jacaranda_log":74,"biomesoplenty:jacaranda_stairs":1,"minecraft:pumpkin_pie":6,"minecraft:diamond_boots":1,"minecraft:gold_ingot":3,"minecraft:mutton":11,"minecraft:white_wool":4,"minecraft:golden_carrot":7,"minecraft:leather":14,"biomesoplenty:jacaranda_door":2,"minecraft:oak_log":132,"biomesoplenty:jacaranda_planks":8,"minecraft:cobblestone_wall":2,"minecraft:wooden_hoe":1,"twilightforest:twilight_oak_planks":82,"minecraft:cooked_mutton":29,"twilightforest:raw_venison":5,"modernlife:bicycle_item":1,"minecraft:apple":3,"minecraft:iron_ingot":29,"minecraft:stone_pickaxe":8,"minecraft:iron_sword":1,"minecraft:sweet_berries":26,"minecraft:pumpkin":11,"minecraft:dandelion":4,"minecraft:gravel":6,"twilightforest:music_disc_wayfarer":1,"minecraft:spider_eye":7,"biomesoplenty:maple_sapling":28,"minecraft:stone_axe":2,"twilightforest:raven_feather":2,"minecraft:iron_helmet":5,"minecraft:baked_potato":6,"twilightforest:spiral_bricks":6,"minecraft:coal":66,"minecraft:sunflower":2},"minecraft:killed_by":{"minecraft:creeper":2,"twilightforest:winter_wolf":1,"minecraft:skeleton":4},"minecraft:mined":{"minecraft:granite":22,"minecraft:grass_block":54,"biomesoplenty:jacaranda_stairs":1,"biomesoplenty:tall_lavender":4,"minecraft:iron_ore":184,"biomesoplenty:lavender":85,"biomesoplenty:violet":2,"minecraft:pumpkin":12,"biomesoplenty:redwood_log":1,"biomesoplenty:jacaranda_leaves":4,"minecraft:powder_snow":16,"minecraft:torch":1,"twilightforest:torchberry_plant":3,"minecraft:poppy":1,"twilightforest:twilight_oak_log":10,"minecraft:cobblestone":11,"minecraft:sugar_cane":15,"biomesoplenty:maple_sapling":2,"minecraft:cherry_door":2,"biomesoplenty:fir_log":118,"minecraft:grass":94,"minecraft:oak_log":74,"minecraft:sand":5,"minecraft:dirt":29,"twilightforest:canopy_log":5,"minecraft:deepslate":102,"twilightforest:hollow_oak_log_horizontal":1,"twilightforest:firefly":4,"minecraft:diamond_ore":8,"minecraft:tuff":30,"minecraft:deepslate_diamond_ore":28,"minecraft:rooted_dirt":1,"biomesoplenty:jacaranda_sapling":1,"minecraft:sandstone":5,"biomesoplenty:dune_grass":26,"twilightforest:fallen_leaves":1,"biomesoplenty:jacaranda_log":71,"minecraft:furnace":1,"biomesoplenty:toadstool":9,"minecraft:andesite":21,"biomesoplenty:sea_oats":67,"minecraft:potatoes":3,"minecraft:deepslate_iron_ore":63,"biomesoplenty:jacaranda_door":2,"minecraft:stone":312,"twilightforest:root_strand":1,"minecraft:crafting_table":2,"biomesoplenty:fir_planks":22,"minecraft:rose_bush":6,"minecraft:copper_ore":6,"minecraft:tall_grass":10,"minecraft:lapis_ore":4,"biomesoplenty:sprout":1,"minecraft:deepslate_gold_ore":7,"twilightforest:mayapple":2,"minecraft:diorite":13,"minecraft:sweet_berry_bush":2,"minecraft:coal_ore":51,"twilightforest:moss_patch":1,"minecraft:sunflower":1,"minecraft:gravel":7,"minecraft:gold_ore":4,"biomesoplenty:redwood_wood":1,"minecraft:fern":4},"minecraft:dropped":{"minecraft:iron_sword":1,"minecraft:diamond":3,"minecraft:crafting_table":1,"minecraft:leather":1,"minecraft:mossy_cobblestone_wall":1,"twilightforest:ore_magnet":1,"minecraft:dirt":28,"aether:iron_pendant":1,"minecraft:cornflower":1,"toolbelt:pouch":1,"minecraft:gold_nugget":2,"minecraft:iron_pickaxe":2,"minecraft:stone_axe":1,"minecraft:wheat":2,"minecraft:rotten_flesh":1,"minecraft:cooked_mutton":29,"twilightforest:torchberries":8,"minecraft:ladder":9,"minecraft:arrow":1,"minecraft:written_book":3,"minecraft:iron_ingot":3,"minecraft:wheat_seeds":20,"minecraft:poisonous_potato":1,"biomesoplenty:lavender":33,"biomesoplenty:maple_sapling":2,"minecraft:feather":10,"minecraft:iron_helmet":1,"minecraft:cobblestone":1,"twilightforest:twilight_oak_sapling":6,"minecraft:coal":11,"minecraft:stick":4,"biomesoplenty:violet":4,"minecraft:diorite":12,"minecraft:wooden_hoe":1,"minecraft:wooden_axe":1,"minecraft:brown_wool":2,"twilightforest:twilight_oak_planks":1,"minecraft:iron_leggings":1,"minecraft:iron_axe":1,"modernlife:bicycle_item":1,"minecraft:iron_shovel":1,"minecraft:string":1,"minecraft:dandelion":4,"minecraft:furnace":1,"minecraft:raw_copper":25,"minecraft:smooth_stone_slab":15,"minecraft:raw_iron":1,"minecraft:iron_boots":1,"minecraft:pumpkin_seeds":1,"minecraft:flint_and_steel":1,"minecraft:potato":1,"minecraft:shield":2,"minecraft:iron_chestplate":1,"minecraft:andesite":11,"minecraft:wooden_shovel":2,"minecraft:stone_pickaxe":4,"minecraft:wooden_pickaxe":3,"minecraft:raw_gold":3},"minecraft:broken":{"minecraft:stone_pickaxe":3,"minecraft:wooden_axe":2,"twilightforest:ore_magnet":1,"minecraft:iron_pickaxe":1,"minecraft:wooden_hoe":1}},"DataVersion":3465}