{"stats":{"minecraft:broken":{"minecraft:wooden_axe":2},"minecraft:dropped":{"minecraft:diamond":1,"minecraft:cobblestone":1,"twilightforest:twilight_oak_sapling":3,"biomesoplenty:violet":4,"minecraft:andesite":11,"minecraft:arrow":1,"minecraft:dandelion":4},"minecraft:killed_by":{"minecraft:skeleton":1},"minecraft:mined":{"twilightforest:firefly":2,"minecraft:powder_snow":16,"minecraft:crafting_table":1,"minecraft:grass_block":17,"biomesoplenty:fir_planks":22,"twilightforest:twilight_oak_log":10,"minecraft:rose_bush":5,"biomesoplenty:jacaranda_stairs":1,"minecraft:tall_grass":1,"minecraft:cobblestone":1,"biomesoplenty:sprout":1,"minecraft:deepslate_gold_ore":7,"minecraft:sugar_cane":2,"minecraft:sandstone":3,"biomesoplenty:dune_grass":21,"biomesoplenty:jacaranda_log":19,"biomesoplenty:tall_lavender":2,"biomesoplenty:toadstool":9,"minecraft:iron_ore":7,"minecraft:sweet_berry_bush":2,"biomesoplenty:lavender":31,"biomesoplenty:violet":2,"minecraft:andesite":11,"minecraft:pumpkin":12,"biomesoplenty:fir_log":118,"biomesoplenty:sea_oats":51,"minecraft:grass":18,"minecraft:coal_ore":17,"minecraft:oak_log":66,"minecraft:sand":4,"minecraft:sunflower":1,"minecraft:dirt":4,"minecraft:stone":103,"twilightforest:canopy_log":1,"minecraft:deepslate":4,"minecraft:fern":4},"minecraft:custom":{"minecraft:interact_with_furnace":18,"minecraft:mob_kills":16,"minecraft:interact_with_crafting_table":30,"minecraft:leave_game":1,"minecraft:time_since_death":52069,"minecraft:time_since_rest":52099,"minecraft:sprint_one_cm":122412,"minecraft:damage_taken":1164,"minecraft:walk_one_cm":190804,"minecraft:drop":10,"minecraft:damage_dealt":2824,"minecraft:swim_one_cm":11976,"minecraft:talked_to_villager":1,"minecraft:fly_one_cm":1363860,"minecraft:open_chest":16,"minecraft:crouch_one_cm":4995,"minecraft:play_time":62894,"minecraft:deaths":1,"minecraft:sneak_time":2094,"minecraft:walk_under_water_one_cm":3481,"minecraft:boat_one_cm":133695,"minecraft:jump":853,"minecraft:interact_with_blast_furnace":1,"minecraft:walk_on_water_one_cm":1826,"minecraft:total_world_time":62894,"minecraft:fall_one_cm":23363,"minecraft:horse_one_cm":7458},"minecraft:picked_up":{"biomesoplenty:lavender":31,"minecraft:crafting_table":1,"minecraft:feather":3,"minecraft:chicken":2,"twilightforest:twilight_oak_log":10,"minecraft:andesite":11,"minecraft:leather":6,"minecraft:wooden_pickaxe":1,"biomesoplenty:fir_sapling":15,"biomesoplenty:fir_log":155,"biomesoplenty:violet":8,"biomesoplenty:jacaranda_sapling":6,"minecraft:oak_log":124,"minecraft:string":1,"minecraft:dirt":21,"biomesoplenty:tall_lavender":2,"minecraft:bone":1,"minecraft:apple":1,"minecraft:wheat_seeds":2,"biomesoplenty:fir_boat":4,"minecraft:cobbled_deepslate":5,"minecraft:raw_gold":7,"biomesoplenty:fir_planks":86,"minecraft:beef":5,"minecraft:iron_ingot":11,"minecraft:stone_pickaxe":1,"minecraft:rose_bush":5,"minecraft:sugar_cane":5,"minecraft:oak_planks":2,"biomesoplenty:toadstool":17,"minecraft:stick":33,"minecraft:raw_iron":7,"minecraft:sandstone":3,"minecraft:pumpkin":11,"minecraft:sweet_berries":26,"minecraft:oak_fence":1,"minecraft:dandelion":4,"minecraft:sand":4,"twilightforest:canopy_log":1,"biomesoplenty:jacaranda_stairs":1,"twilightforest:firefly":1,"biomesoplenty:maple_sapling":22,"minecraft:stone_sword":1,"minecraft:arrow":1,"twilightforest:twilight_oak_sapling":3,"minecraft:rotten_flesh":9,"biomesoplenty:jacaranda_log":19,"minecraft:diamond":1,"minecraft:stone_axe":1,"minecraft:bread":4,"twilightforest:torchberries":1,"minecraft:coal":17,"minecraft:cobblestone":134,"minecraft:sunflower":2},"minecraft:used":{"minecraft:oak_fence":1,"minecraft:stone_sword":76,"minecraft:stone_pickaxe":127,"minecraft:baked_potato":5,"minecraft:chest":6,"minecraft:wooden_pickaxe":16,"biomesoplenty:fir_planks":196,"biomesoplenty:fir_boat":6,"minecraft:rotten_flesh":8,"minecraft:torch":3,"minecraft:dirt":4,"minecraft:crafting_table":7,"biomesoplenty:jacaranda_planks":15,"minecraft:wooden_axe":131,"minecraft:apple":1,"minecraft:chicken":1,"minecraft:bread":4,"minecraft:iron_pickaxe":10,"minecraft:iron_boots":1,"biomesoplenty:jacaranda_stairs":7,"biomesoplenty:toadstool":3,"minecraft:stone_axe":142,"minecraft:cobblestone":4,"minecraft:sweet_berries":35,"minecraft:furnace":2,"biomesoplenty:fir_sign":3},"minecraft:killed":{"minecraft:spider":1,"minecraft:horse":3,"minecraft:skeleton":1,"minecraft:zombie":7,"minecraft:chicken":2,"minecraft:cow":2},"minecraft:crafted":{"biomesoplenty:fir_boat":2,"biomesoplenty:jacaranda_planks":76,"minecraft:crafting_table":6,"minecraft:baked_potato":7,"minecraft:wooden_pickaxe":4,"minecraft:furnace":2,"minecraft:stone_axe":1,"minecraft:air":0,"biomesoplenty:fir_sign":3,"biomesoplenty:fir_planks":280,"minecraft:iron_boots":1,"minecraft:iron_chestplate":1,"minecraft:stick":36,"minecraft:iron_ingot":5,"minecraft:iron_pickaxe":1,"minecraft:stone_pickaxe":7,"minecraft:wooden_axe":2,"minecraft:stone_sword":1,"minecraft:chest":6,"minecraft:torch":64,"biomesoplenty:jacaranda_stairs":8}},"DataVersion":3465}