{"stats":{"minecraft:crafted":{"minecraft:black_dye":10,"minecraft:oak_planks":100,"toolbelt:pouch":1,"minecraft:cooked_mutton":5,"minecraft:iron_boots":1,"minecraft:chest":6,"minecraft:black_wool":8,"biomesoplenty:jacaranda_planks":76,"minecraft:cooked_porkchop":34,"minecraft:diamond_axe":1,"minecraft:crafting_table":6,"minecraft:wooden_pickaxe":2,"minecraft:baked_potato":21,"minecraft:red_wool":3,"biomesoplenty:fir_planks":12,"modernlife:tire":2,"minecraft:iron_chestplate":1,"minecraft:diamond_pickaxe":1,"minecraft:shield":3,"minecraft:stick":36,"minecraft:iron_ingot":140,"minecraft:iron_pickaxe":2,"modernlife:bicycle_item":1,"minecraft:gold_ingot":9,"minecraft:cherry_planks":232,"toolbelt:belt":1,"minecraft:iron_nugget":9,"minecraft:furnace":6,"minecraft:bone_meal":36,"minecraft:flint_and_steel":1,"twilightforest:twilight_oak_planks":272,"minecraft:iron_axe":3,"minecraft:stone_pickaxe":3,"biomesoplenty:jacaranda_door":12,"twilightforest:canopy_planks":4,"aether:iron_pendant":1,"minecraft:red_dye":3,"biomesoplenty:redwood_door":3,"biomesoplenty:redwood_planks":8,"minecraft:iron_sword":2,"minecraft:red_bed":1,"minecraft:bucket":2,"minecraft:stone_axe":1,"minecraft:bread":4,"minecraft:air":0,"minecraft:oak_boat":2,"minecraft:wooden_axe":2,"minecraft:iron_leggings":1,"minecraft:torch":4},"minecraft:custom":{"minecraft:animals_bred":1,"minecraft:interact_with_crafting_table":66,"minecraft:leave_game":5,"minecraft:time_since_death":162212,"minecraft:sprint_one_cm":809243,"minecraft:damage_blocked_by_shield":2370,"minecraft:drop":162,"minecraft:talked_to_villager":1,"minecraft:play_time":370974,"minecraft:deaths":8,"minecraft:jump":6461,"minecraft:walk_on_water_one_cm":86505,"minecraft:interact_with_furnace":161,"twilightforest:uncrafting_table_interactions":1,"minecraft:sleep_in_bed":5,"minecraft:damage_dealt":21546,"minecraft:crouch_one_cm":50045,"minecraft:mob_kills":143,"minecraft:climb_one_cm":1531,"minecraft:walk_one_cm":697275,"minecraft:sneak_time":20986,"minecraft:walk_under_water_one_cm":99203,"minecraft:boat_one_cm":330021,"minecraft:interact_with_blast_furnace":12,"minecraft:total_world_time":370974,"minecraft:time_since_rest":84856,"minecraft:damage_taken":7266,"minecraft:swim_one_cm":231688,"minecraft:fly_one_cm":2512208,"minecraft:open_chest":138,"minecraft:fall_one_cm":179659},"minecraft:killed":{"twilightforest:boar":17,"minecraft:cave_spider":1,"minecraft:spider":6,"minecraft:skeleton":6,"minecraft:chicken":1,"twilightforest:slime_beetle":1,"minecraft:pig":4,"minecraft:zombie_villager":1,"minecraft:iron_golem":1,"twilightforest:raven":1,"minecraft:creeper":4,"twilightforest:skeleton_druid":1,"minecraft:sheep":12,"twilightforest:redcap":2,"minecraft:pillager":4,"minecraft:zombie":44,"minecraft:glow_squid":1,"minecraft:cow":6,"twilightforest:winter_wolf":2,"twilightforest:squirrel":1,"twilightforest:swarm_spider":1,"twilightforest:kobold":11,"minecraft:squid":4,"twilightforest:yeti":2,"minecraft:enderman":1},"minecraft:used":{"twilightforest:spiral_bricks":24,"minecraft:iron_shovel":213,"minecraft:poppy":1,"minecraft:chest":6,"minecraft:shield":36,"minecraft:iron_sword":85,"minecraft:rotten_flesh":2,"minecraft:iron_chestplate":1,"minecraft:mutton":1,"minecraft:tuff":8,"twilightforest:etched_nagastone":3,"minecraft:snowball":1,"minecraft:lava_bucket":1,"twilightforest:twilight_oak_planks":240,"minecraft:iron_helmet":1,"minecraft:mossy_cobblestone_slab":3,"minecraft:stone_bricks":2,"biomesoplenty:jacaranda_sapling":28,"minecraft:written_book":2,"minecraft:oak_sapling":21,"minecraft:furnace":16,"minecraft:egg":3,"minecraft:potato":42,"minecraft:diorite":26,"minecraft:leather_leggings":1,"minecraft:spruce_door":1,"minecraft:stone_pickaxe":201,"minecraft:oak_planks":40,"minecraft:wooden_pickaxe":9,"biomesoplenty:fir_planks":17,"biomesoplenty:flowering_oak_sapling":7,"minecraft:sugar_cane":3,"minecraft:diamond_axe":208,"minecraft:white_wool":1,"minecraft:glow_berries":5,"minecraft:sand":4,"minecraft:blast_furnace":1,"biomesoplenty:jacaranda_planks":22,"minecraft:bread":7,"minecraft:cherry_sign":2,"minecraft:gravel":2,"twilightforest:cracked_nagastone_pillar":5,"minecraft:andesite":4,"minecraft:oak_boat":7,"minecraft:coarse_dirt":2,"minecraft:bone_meal":36,"twilightforest:canopy_planks":4,"biomesoplenty:redwood_door":3,"minecraft:flint_and_steel":30,"minecraft:torch":13,"handcrafted:fox_trophy":1,"minecraft:dirt":190,"minecraft:golden_chestplate":1,"biomesoplenty:snowblossom_sapling":5,"minecraft:granite":3,"biomesoplenty:maple_sapling":8,"biomesoplenty:redwood_log":1,"minecraft:wooden_axe":20,"modernlife:bicycle_item":18,"biomesoplenty:redwood_wood":2,"minecraft:iron_axe":466,"minecraft:rooted_dirt":2,"minecraft:cooked_beef":3,"minecraft:cobbled_deepslate":42,"minecraft:cherry_log":6,"minecraft:iron_leggings":1,"minecraft:cooked_mutton":28,"biomesoplenty:jacaranda_door":24,"minecraft:water_bucket":140,"minecraft:baked_potato":23,"biomesoplenty:redwood_sapling":1,"minecraft:cherry_planks":5,"minecraft:glow_ink_sac":2,"minecraft:cracked_stone_bricks":3,"twilightforest:twilight_oak_sapling":8,"minecraft:crafting_table":18,"minecraft:red_bed":3,"minecraft:diamond_pickaxe":222,"minecraft:apple":2,"minecraft:cherry_door":1,"twilightforest:firefly":1,"minecraft:iron_pickaxe":430,"minecraft:suspicious_stew":1,"twilightforest:firefly_jar":3,"minecraft:stone_axe":34,"minecraft:chiseled_stone_bricks":1,"minecraft:cobblestone":169,"twilightforest:nagastone_pillar":2,"minecraft:porkchop":3,"minecraft:cooked_porkchop":17,"minecraft:bucket":144,"minecraft:dandelion":2},"minecraft:picked_up":{"minecraft:wooden_axe":1,"minecraft:iron_chestplate":3,"minecraft:wheat":26,"minecraft:suspicious_stew":1,"minecraft:diamond_sword":1,"aether:iron_gloves":4,"biomesoplenty:stripped_redwood_wood":1,"minecraft:enchanted_book":1,"minecraft:string":12,"minecraft:raw_copper":28,"minecraft:cooked_salmon":4,"minecraft:iron_leggings":4,"biomesoplenty:tall_lavender":19,"minecraft:gold_nugget":6,"minecraft:cobbled_deepslate":136,"biomesoplenty:fir_planks":4,"minecraft:bucket":4,"minecraft:rose_bush":2,"minecraft:written_book":3,"toolbelt:belt":1,"minecraft:iron_pickaxe":10,"biomesoplenty:redwood_wood":64,"minecraft:furnace":14,"twilightforest:firefly_jar":5,"minecraft:iron_boots":5,"minecraft:stick":90,"twilightforest:cooked_venison":3,"minecraft:oak_fence":1,"minecraft:torch":25,"minecraft:porkchop":67,"minecraft:golden_axe":1,"minecraft:diorite":53,"minecraft:golden_chestplate":1,"minecraft:stone_sword":1,"minecraft:rotten_flesh":45,"minecraft:snowball":1,"minecraft:cobblestone":499,"biomesoplenty:lavender":224,"minecraft:mossy_cobblestone_slab":3,"minecraft:feather":6,"minecraft:cooked_beef":4,"twilightforest:twilight_oak_log":77,"minecraft:water_bucket":4,"minecraft:andesite":8,"minecraft:brown_wool":2,"twilightforest:ore_magnet":1,"biomesoplenty:fir_sapling":1,"minecraft:potato":57,"biomesoplenty:fir_log":37,"minecraft:flint":5,"minecraft:tuff":18,"twilightforest:mossy_nagastone_pillar":1,"minecraft:lapis_lazuli":23,"minecraft:dirt":262,"minecraft:cherry_door":1,"minecraft:name_tag":1,"biomesoplenty:snowblossom_sapling":7,"minecraft:bone":34,"minecraft:bow":2,"minecraft:wheat_seeds":76,"minecraft:raw_gold":25,"minecraft:mossy_stone_bricks":4,"minecraft:diamond_helmet":2,"minecraft:oak_planks":67,"biomesoplenty:toadstool":2,"minecraft:cooked_porkchop":13,"twilightforest:arctic_boots":1,"minecraft:poisonous_potato":1,"minecraft:sand":12,"twilightforest:canopy_log":1,"minecraft:ink_sac":13,"twilightforest:mossy_etched_nagastone":1,"tropicraft:coconut":1,"twilightforest:twilight_oak_sapling":8,"minecraft:diamond":26,"minecraft:granite":7,"twilightforest:arctic_fur":6,"minecraft:rooted_dirt":2,"minecraft:oak_sapling":21,"twilightforest:torchberries":3,"biomesoplenty:redwood_log":17,"minecraft:coarse_dirt":2,"minecraft:crafting_table":18,"minecraft:chicken":1,"minecraft:leather_leggings":8,"toolbelt:pouch":2,"minecraft:wooden_pickaxe":7,"biomesoplenty:jacaranda_sapling":28,"handcrafted:fox_trophy":1,"minecraft:shield":7,"minecraft:cornflower":6,"minecraft:red_bed":2,"minecraft:iron_axe":4,"minecraft:flint_and_steel":2,"minecraft:iron_shovel":7,"minecraft:cracked_stone_bricks":3,"minecraft:beef":17,"minecraft:oak_boat":5,"minecraft:iron_nugget":4,"minecraft:poppy":8,"minecraft:light_gray_wool":1,"minecraft:chest":1,"minecraft:sugar_cane":6,"aether:iron_pendant":3,"minecraft:egg":3,"minecraft:lime_wool":1,"minecraft:raw_iron":340,"twilightforest:twilight_oak_chest":1,"minecraft:carrot":1,"minecraft:iron_horse_armor":1,"twilightforest:firefly":12,"minecraft:arrow":18,"minecraft:diamond_chestplate":1,"biomesoplenty:jacaranda_log":72,"twilightforest:etched_nagastone":3,"minecraft:diamond_boots":2,"twilightforest:peacock_feather_fan":2,"biomesoplenty:redwood_sapling":1,"minecraft:mutton":25,"minecraft:rail":4,"minecraft:white_wool":36,"minecraft:glow_ink_sac":3,"minecraft:leather":18,"biomesoplenty:jacaranda_door":12,"minecraft:oak_log":138,"handcrafted:brown_sheet":8,"minecraft:cobblestone_wall":2,"biomesoplenty:jacaranda_planks":28,"minecraft:gunpowder":4,"minecraft:cobblestone_stairs":1,"minecraft:wooden_hoe":1,"minecraft:paper":16,"twilightforest:twilight_oak_planks":27,"minecraft:cooked_mutton":79,"modernlife:bicycle_item":20,"minecraft:apple":4,"minecraft:stone_bricks":2,"minecraft:kelp":19,"minecraft:rabbit_hide":2,"minecraft:iron_ingot":38,"minecraft:stone_pickaxe":5,"minecraft:cherry_sign":2,"minecraft:iron_sword":6,"minecraft:book":2,"twilightforest:nagastone_pillar":2,"minecraft:sweet_berries":17,"minecraft:chiseled_stone_bricks":1,"minecraft:dandelion":3,"minecraft:gravel":3,"twilightforest:cracked_nagastone_pillar":8,"minecraft:blast_furnace":1,"twilightforest:music_disc_wayfarer":1,"minecraft:spruce_door":1,"minecraft:spider_eye":20,"biomesoplenty:flowering_oak_sapling":7,"minecraft:pumpkin_seeds":1,"biomesoplenty:maple_sapling":8,"twilightforest:raven_feather":3,"minecraft:stone_axe":3,"minecraft:chainmail_leggings":2,"minecraft:iron_helmet":6,"minecraft:diamond_axe":2,"minecraft:mossy_cobblestone_stairs":1,"minecraft:gray_wool":1,"twilightforest:spiral_bricks":24,"minecraft:melon_seeds":21,"minecraft:coal":147},"minecraft:killed_by":{"minecraft:spider":1,"minecraft:skeleton":4},"minecraft:mined":{"minecraft:farmland":1,"minecraft:granite":3,"biomesoplenty:dead_leaves":1,"minecraft:grass_block":169,"twilightforest:twilight_oak_chest":2,"biomesoplenty:flowering_oak_leaves":2,"minecraft:spawner":1,"biomesoplenty:tall_lavender":8,"minecraft:iron_ore":76,"minecraft:cobbled_deepslate":4,"minecraft:fire":7,"biomesoplenty:lavender":76,"biomesoplenty:redwood_log":17,"biomesoplenty:jacaranda_leaves":8,"minecraft:red_bed":2,"minecraft:powder_snow":33,"minecraft:torch":4,"twilightforest:torchberry_plant":3,"minecraft:blast_furnace":1,"minecraft:poppy":5,"twilightforest:twilight_oak_log":81,"handcrafted:fox_trophy":1,"minecraft:cobblestone":29,"minecraft:sugar_cane":2,"minecraft:oak_planks":3,"minecraft:wall_torch":5,"twilightforest:root":1,"biomesoplenty:fir_log":4,"minecraft:grass":161,"biomesoplenty:clover":5,"minecraft:oak_log":127,"minecraft:sand":14,"minecraft:dirt":76,"twilightforest:canopy_log":1,"minecraft:oak_leaves":3,"minecraft:deepslate":105,"twilightforest:firefly":1,"twilightforest:hollow_oak_log_horizontal":2,"minecraft:diamond_ore":7,"minecraft:tuff":17,"minecraft:mossy_cobblestone":1,"minecraft:deepslate_diamond_ore":5,"minecraft:spruce_leaves":1,"biomesoplenty:jacaranda_sapling":7,"minecraft:rooted_dirt":2,"biomesoplenty:jacaranda_log":65,"minecraft:furnace":13,"minecraft:andesite":4,"minecraft:potatoes":20,"twilightforest:firefly_jar":5,"minecraft:deepslate_iron_ore":76,"biomesoplenty:jacaranda_door":11,"biomesoplenty:barley":3,"biomesoplenty:spider_egg":1,"minecraft:stone":339,"minecraft:podzol":1,"twilightforest:root_strand":7,"minecraft:stone_brick_slab":1,"minecraft:dandelion":1,"minecraft:crafting_table":15,"minecraft:tall_grass":9,"minecraft:copper_ore":6,"minecraft:lapis_ore":4,"minecraft:deepslate_gold_ore":9,"twilightforest:mayapple":4,"minecraft:diorite":36,"minecraft:coarse_dirt":1,"biomesoplenty:snowblossom_sapling":3,"minecraft:ice":9,"minecraft:coal_ore":83,"biomesoplenty:redwood_leaves":17,"minecraft:gravel":5,"biomesoplenty:stringy_cobweb":1,"biomesoplenty:stripped_redwood_wood":1,"minecraft:stone_bricks":1,"biomesoplenty:redwood_wood":76,"minecraft:fern":8},"minecraft:dropped":{"minecraft:iron_sword":1,"minecraft:diamond_axe":2,"minecraft:crafting_table":2,"minecraft:cooked_porkchop":9,"minecraft:leather":8,"minecraft:rail":1,"minecraft:cobblestone_stairs":1,"biomesoplenty:fir_sapling":1,"minecraft:flint":3,"minecraft:dirt":22,"twilightforest:firefly":2,"biomesoplenty:stripped_redwood_wood":1,"minecraft:cornflower":6,"twilightforest:mossy_nagastone_pillar":1,"minecraft:coast_armor_trim_smithing_template":1,"toolbelt:pouch":2,"minecraft:gold_nugget":1,"minecraft:sand":8,"minecraft:iron_pickaxe":1,"minecraft:gold_ingot":3,"minecraft:gravel":1,"biomesoplenty:toadstool":2,"minecraft:sugar_cane":3,"minecraft:golden_chestplate":1,"minecraft:cobbled_deepslate":27,"minecraft:rotten_flesh":9,"twilightforest:torchberries":3,"minecraft:poppy":4,"minecraft:rabbit_hide":2,"minecraft:gunpowder":3,"twilightforest:cracked_nagastone_pillar":3,"minecraft:melon_seeds":14,"minecraft:leather_leggings":7,"minecraft:written_book":1,"biomesoplenty:tall_lavender":11,"minecraft:water_bucket":2,"minecraft:bread":3,"minecraft:wheat_seeds":53,"minecraft:poisonous_potato":1,"biomesoplenty:lavender":115,"minecraft:iron_helmet":1,"minecraft:oak_fence":1,"minecraft:feather":1,"minecraft:cobblestone":13,"twilightforest:arctic_boots":1,"minecraft:granite":2,"biomesoplenty:jacaranda_planks":4,"minecraft:stick":5,"biomesoplenty:jacaranda_log":3,"biomesoplenty:snowblossom_sapling":2,"minecraft:diorite":10,"minecraft:ink_sac":1,"minecraft:torch":1,"minecraft:wooden_axe":1,"minecraft:rose_bush":2,"minecraft:cooked_salmon":4,"minecraft:chainmail_leggings":1,"minecraft:iron_shovel":1,"minecraft:string":4,"minecraft:kelp":1,"minecraft:cobblestone_wall":2,"minecraft:stone_sword":1,"twilightforest:peacock_feather_fan":2,"minecraft:bowl":1,"minecraft:raw_iron":1,"minecraft:chicken":1,"minecraft:iron_boots":2,"minecraft:pumpkin_seeds":1,"minecraft:suspicious_stew":1,"minecraft:filled_map":1,"twilightforest:mossy_etched_nagastone":1,"minecraft:potato":1,"minecraft:shield":4,"biomesoplenty:fir_planks":1,"minecraft:andesite":4,"minecraft:spider_eye":8,"minecraft:spruce_log":11,"minecraft:stone_pickaxe":3,"minecraft:wooden_pickaxe":3},"minecraft:broken":{"twilightforest:ore_magnet":2,"minecraft:iron_axe":2,"minecraft:iron_pickaxe":1}},"DataVersion":3465}