{"stats":{"minecraft:dropped":{"minecraft:water_bucket":1,"minecraft:bread":1,"minecraft:wheat_seeds":39,"biomesoplenty:lavender":114,"minecraft:feather":1,"minecraft:leather":8,"biomesoplenty:jacaranda_planks":3,"biomesoplenty:fir_sapling":1,"biomesoplenty:snowblossom_sapling":2,"minecraft:dirt":2,"minecraft:rose_bush":2,"minecraft:coast_armor_trim_smithing_template":1,"minecraft:sand":8,"biomesoplenty:toadstool":2,"minecraft:kelp":1,"minecraft:stone_sword":1,"minecraft:bowl":1,"minecraft:chicken":1,"minecraft:suspicious_stew":1,"minecraft:filled_map":1,"minecraft:rabbit_hide":2,"biomesoplenty:fir_planks":1,"minecraft:melon_seeds":14,"minecraft:leather_leggings":7,"minecraft:spider_eye":3,"minecraft:spruce_log":11,"biomesoplenty:tall_lavender":11},"minecraft:mined":{"biomesoplenty:dead_leaves":1,"minecraft:granite":1,"minecraft:grass_block":11,"biomesoplenty:flowering_oak_leaves":1,"minecraft:spruce_leaves":1,"biomesoplenty:jacaranda_sapling":7,"minecraft:spawner":1,"biomesoplenty:jacaranda_log":48,"biomesoplenty:tall_lavender":6,"minecraft:furnace":5,"minecraft:iron_ore":10,"biomesoplenty:lavender":61,"biomesoplenty:barley":3,"minecraft:stone":27,"biomesoplenty:spider_egg":1,"minecraft:podzol":1,"minecraft:red_bed":2,"minecraft:powder_snow":33,"minecraft:crafting_table":6,"minecraft:blast_furnace":1,"minecraft:poppy":4,"handcrafted:fox_trophy":1,"minecraft:tall_grass":7,"minecraft:cobblestone":7,"minecraft:oak_planks":3,"minecraft:diorite":11,"minecraft:wall_torch":1,"biomesoplenty:snowblossom_sapling":3,"minecraft:ice":8,"biomesoplenty:fir_log":4,"minecraft:grass":79,"minecraft:coal_ore":22,"minecraft:oak_log":22,"minecraft:sand":14,"minecraft:dirt":24,"biomesoplenty:stringy_cobweb":1,"minecraft:fern":8},"minecraft:killed_by":{"minecraft:spider":1},"minecraft:picked_up":{"minecraft:crafting_table":6,"minecraft:wheat":11,"minecraft:chicken":1,"minecraft:suspicious_stew":1,"minecraft:leather_leggings":7,"minecraft:wooden_pickaxe":1,"biomesoplenty:jacaranda_sapling":20,"handcrafted:fox_trophy":1,"minecraft:string":1,"minecraft:red_bed":2,"minecraft:iron_axe":1,"minecraft:cooked_salmon":4,"biomesoplenty:tall_lavender":19,"minecraft:iron_shovel":2,"biomesoplenty:fir_planks":4,"minecraft:beef":17,"minecraft:oak_boat":5,"minecraft:rose_bush":2,"minecraft:iron_pickaxe":1,"minecraft:iron_nugget":4,"minecraft:poppy":3,"minecraft:light_gray_wool":1,"minecraft:egg":2,"minecraft:furnace":6,"minecraft:stick":16,"minecraft:raw_iron":10,"minecraft:torch":6,"minecraft:porkchop":18,"minecraft:diorite":11,"minecraft:stone_sword":1,"minecraft:arrow":5,"minecraft:rotten_flesh":24,"biomesoplenty:jacaranda_log":46,"minecraft:mutton":21,"minecraft:rail":2,"minecraft:snowball":1,"minecraft:white_wool":35,"minecraft:cobblestone":40,"biomesoplenty:lavender":200,"minecraft:feather":1,"minecraft:cooked_beef":4,"minecraft:water_bucket":1,"minecraft:leather":16,"biomesoplenty:fir_sapling":1,"biomesoplenty:fir_log":3,"minecraft:oak_log":22,"biomesoplenty:jacaranda_planks":5,"minecraft:dirt":44,"minecraft:paper":16,"modernlife:bicycle_item":4,"biomesoplenty:snowblossom_sapling":7,"minecraft:cooked_mutton":40,"minecraft:bone":3,"minecraft:kelp":19,"minecraft:bow":1,"minecraft:wheat_seeds":47,"minecraft:rabbit_hide":2,"minecraft:stone_pickaxe":1,"minecraft:iron_ingot":11,"minecraft:oak_planks":28,"minecraft:book":2,"biomesoplenty:toadstool":2,"minecraft:sweet_berries":17,"minecraft:dandelion":2,"minecraft:sand":12,"minecraft:blast_furnace":1,"minecraft:ink_sac":12,"minecraft:spider_eye":4,"minecraft:spruce_door":1,"tropicraft:coconut":1,"biomesoplenty:maple_sapling":8,"minecraft:stone_axe":1,"minecraft:iron_helmet":1,"minecraft:granite":1,"minecraft:gray_wool":1,"minecraft:melon_seeds":21,"minecraft:coal":21},"minecraft:crafted":{"minecraft:black_dye":8,"minecraft:oak_planks":88,"minecraft:iron_nugget":9,"minecraft:furnace":1,"minecraft:bone_meal":3,"minecraft:cooked_mutton":1,"minecraft:iron_axe":1,"minecraft:stone_pickaxe":2,"minecraft:chest":2,"minecraft:black_wool":8,"minecraft:red_dye":3,"minecraft:cooked_porkchop":9,"minecraft:crafting_table":2,"minecraft:wooden_pickaxe":1,"minecraft:baked_potato":7,"minecraft:red_bed":1,"minecraft:red_wool":3,"minecraft:bucket":1,"minecraft:stone_axe":1,"minecraft:bread":3,"minecraft:air":0,"biomesoplenty:fir_planks":12,"minecraft:oak_boat":2,"minecraft:iron_chestplate":1,"modernlife:tire":2,"minecraft:stick":16,"minecraft:iron_ingot":7,"minecraft:iron_pickaxe":1,"modernlife:bicycle_item":1},"minecraft:custom":{"minecraft:mob_kills":48,"minecraft:animals_bred":1,"minecraft:interact_with_crafting_table":18,"minecraft:leave_game":2,"minecraft:time_since_death":15737,"minecraft:sprint_one_cm":231278,"minecraft:walk_one_cm":198112,"minecraft:drop":53,"minecraft:talked_to_villager":1,"minecraft:play_time":101993,"minecraft:deaths":1,"minecraft:sneak_time":5508,"minecraft:walk_under_water_one_cm":18984,"minecraft:boat_one_cm":330021,"minecraft:jump":1506,"minecraft:interact_with_blast_furnace":5,"minecraft:walk_on_water_one_cm":31168,"minecraft:total_world_time":101993,"minecraft:interact_with_furnace":34,"minecraft:sleep_in_bed":2,"minecraft:time_since_rest":15763,"minecraft:damage_taken":1537,"minecraft:damage_dealt":6959,"minecraft:swim_one_cm":46531,"minecraft:fly_one_cm":307532,"minecraft:open_chest":26,"minecraft:crouch_one_cm":14610,"minecraft:fall_one_cm":34667},"minecraft:used":{"minecraft:chest":2,"minecraft:torch":2,"handcrafted:fox_trophy":1,"minecraft:dirt":42,"minecraft:mutton":1,"biomesoplenty:snowblossom_sapling":5,"minecraft:granite":1,"minecraft:snowball":1,"modernlife:bicycle_item":5,"minecraft:iron_axe":175,"minecraft:iron_helmet":1,"biomesoplenty:jacaranda_sapling":20,"minecraft:furnace":7,"minecraft:egg":1,"minecraft:cooked_beef":3,"minecraft:cooked_mutton":7,"minecraft:water_bucket":28,"minecraft:diorite":11,"minecraft:spruce_door":1,"minecraft:stone_pickaxe":77,"minecraft:baked_potato":4,"minecraft:oak_planks":33,"minecraft:wooden_pickaxe":5,"minecraft:glow_berries":5,"minecraft:sand":4,"minecraft:crafting_table":6,"minecraft:red_bed":3,"minecraft:blast_furnace":1,"biomesoplenty:jacaranda_planks":2,"minecraft:bread":4,"minecraft:suspicious_stew":1,"minecraft:iron_pickaxe":10,"minecraft:stone_axe":34,"minecraft:cobblestone":10,"minecraft:bucket":29,"minecraft:oak_boat":7,"minecraft:dandelion":1,"minecraft:bone_meal":3},"minecraft:killed":{"minecraft:cave_spider":1,"minecraft:spider":1,"minecraft:skeleton":1,"minecraft:chicken":1,"minecraft:pig":4,"minecraft:iron_golem":1,"minecraft:creeper":1,"minecraft:squid":3,"minecraft:sheep":12,"minecraft:pillager":4,"minecraft:zombie":12,"minecraft:cow":6}},"DataVersion":3465}