{"stats":{"minecraft:killed":{"minecraft:cave_spider":1,"minecraft:spider":4,"minecraft:skeleton":2,"minecraft:chicken":1,"minecraft:pig":4,"minecraft:iron_golem":1,"minecraft:creeper":2,"minecraft:squid":4,"minecraft:sheep":12,"minecraft:pillager":4,"minecraft:zombie":23,"minecraft:cow":6},"minecraft:crafted":{"minecraft:black_dye":10,"minecraft:oak_planks":88,"minecraft:iron_nugget":9,"minecraft:furnace":2,"minecraft:bone_meal":3,"minecraft:flint_and_steel":1,"minecraft:cooked_mutton":1,"minecraft:iron_boots":1,"minecraft:iron_axe":2,"minecraft:stone_pickaxe":2,"minecraft:chest":2,"minecraft:black_wool":8,"aether:iron_pendant":1,"minecraft:red_dye":3,"minecraft:cooked_porkchop":9,"minecraft:crafting_table":2,"minecraft:wooden_pickaxe":1,"minecraft:baked_potato":7,"minecraft:iron_sword":1,"minecraft:red_bed":1,"minecraft:red_wool":3,"minecraft:bucket":1,"minecraft:stone_axe":1,"minecraft:bread":3,"minecraft:air":0,"biomesoplenty:fir_planks":12,"minecraft:oak_boat":2,"modernlife:tire":2,"minecraft:iron_chestplate":1,"minecraft:shield":1,"minecraft:stick":16,"minecraft:iron_ingot":27,"minecraft:iron_pickaxe":1,"modernlife:bicycle_item":1,"minecraft:iron_leggings":1},"minecraft:picked_up":{"minecraft:iron_chestplate":1,"minecraft:crafting_table":7,"minecraft:wheat":11,"minecraft:chicken":1,"minecraft:suspicious_stew":1,"minecraft:leather_leggings":8,"aether:iron_gloves":2,"minecraft:wooden_pickaxe":1,"biomesoplenty:jacaranda_sapling":20,"handcrafted:fox_trophy":1,"minecraft:shield":1,"minecraft:string":6,"minecraft:red_bed":2,"minecraft:iron_axe":2,"minecraft:cooked_salmon":4,"minecraft:iron_leggings":1,"biomesoplenty:tall_lavender":19,"minecraft:iron_shovel":2,"biomesoplenty:fir_planks":4,"minecraft:beef":17,"minecraft:oak_boat":5,"minecraft:rose_bush":2,"minecraft:iron_nugget":4,"minecraft:poppy":3,"minecraft:iron_pickaxe":2,"minecraft:light_gray_wool":1,"aether:iron_pendant":1,"minecraft:iron_boots":1,"minecraft:furnace":7,"minecraft:egg":2,"minecraft:stick":19,"minecraft:raw_iron":32,"minecraft:torch":15,"minecraft:porkchop":18,"minecraft:diorite":14,"minecraft:stone_sword":1,"minecraft:arrow":8,"minecraft:rotten_flesh":26,"biomesoplenty:jacaranda_log":46,"minecraft:mutton":21,"minecraft:rail":2,"minecraft:snowball":1,"minecraft:white_wool":35,"minecraft:cobblestone":63,"biomesoplenty:lavender":201,"minecraft:feather":1,"minecraft:cooked_beef":4,"minecraft:water_bucket":2,"minecraft:leather":16,"minecraft:potato":1,"biomesoplenty:fir_sapling":1,"biomesoplenty:fir_log":3,"minecraft:flint":2,"minecraft:oak_log":22,"biomesoplenty:jacaranda_planks":5,"minecraft:gunpowder":2,"minecraft:dirt":44,"minecraft:paper":16,"biomesoplenty:snowblossom_sapling":7,"minecraft:cooked_mutton":40,"minecraft:bone":7,"modernlife:bicycle_item":5,"minecraft:kelp":19,"minecraft:bow":1,"minecraft:wheat_seeds":49,"minecraft:rabbit_hide":2,"minecraft:stone_pickaxe":3,"minecraft:iron_ingot":15,"minecraft:iron_sword":1,"minecraft:oak_planks":43,"minecraft:book":2,"biomesoplenty:toadstool":2,"minecraft:cooked_porkchop":9,"minecraft:sweet_berries":17,"minecraft:dandelion":2,"minecraft:sand":12,"minecraft:blast_furnace":1,"minecraft:ink_sac":13,"minecraft:spruce_door":1,"minecraft:spider_eye":10,"tropicraft:coconut":1,"biomesoplenty:maple_sapling":8,"minecraft:stone_axe":2,"minecraft:iron_helmet":2,"minecraft:granite":5,"minecraft:gray_wool":1,"minecraft:melon_seeds":21,"minecraft:coal":49},"minecraft:mined":{"minecraft:granite":1,"biomesoplenty:dead_leaves":1,"minecraft:grass_block":11,"biomesoplenty:flowering_oak_leaves":1,"minecraft:spruce_leaves":1,"biomesoplenty:jacaranda_sapling":7,"minecraft:spawner":1,"biomesoplenty:jacaranda_log":48,"biomesoplenty:tall_lavender":6,"minecraft:furnace":6,"minecraft:iron_ore":31,"biomesoplenty:lavender":61,"biomesoplenty:barley":3,"biomesoplenty:spider_egg":1,"minecraft:stone":38,"minecraft:podzol":1,"minecraft:red_bed":2,"minecraft:powder_snow":33,"minecraft:torch":3,"minecraft:crafting_table":7,"minecraft:blast_furnace":1,"minecraft:poppy":4,"handcrafted:fox_trophy":1,"minecraft:tall_grass":7,"minecraft:cobblestone":7,"minecraft:oak_planks":3,"minecraft:diorite":12,"minecraft:wall_torch":2,"biomesoplenty:snowblossom_sapling":3,"minecraft:ice":8,"biomesoplenty:fir_log":4,"minecraft:grass":79,"minecraft:oak_log":22,"minecraft:coal_ore":40,"minecraft:sand":14,"minecraft:dirt":24,"biomesoplenty:stringy_cobweb":1,"minecraft:fern":8},"minecraft:custom":{"minecraft:mob_kills":65,"minecraft:animals_bred":1,"minecraft:interact_with_crafting_table":26,"minecraft:leave_game":3,"minecraft:time_since_death":10203,"minecraft:sprint_one_cm":281270,"minecraft:walk_one_cm":235138,"minecraft:damage_blocked_by_shield":720,"minecraft:drop":66,"minecraft:talked_to_villager":1,"minecraft:play_time":125609,"minecraft:deaths":2,"minecraft:sneak_time":6309,"minecraft:walk_under_water_one_cm":23895,"minecraft:boat_one_cm":330021,"minecraft:jump":2029,"minecraft:interact_with_blast_furnace":6,"minecraft:walk_on_water_one_cm":33637,"minecraft:total_world_time":125609,"minecraft:interact_with_furnace":56,"minecraft:sleep_in_bed":2,"minecraft:time_since_rest":10235,"minecraft:damage_taken":2124,"minecraft:damage_dealt":9906,"minecraft:swim_one_cm":63545,"minecraft:fly_one_cm":421032,"minecraft:open_chest":31,"minecraft:crouch_one_cm":15757,"minecraft:fall_one_cm":52896},"minecraft:dropped":{"minecraft:water_bucket":1,"minecraft:bread":3,"minecraft:wheat_seeds":41,"biomesoplenty:lavender":114,"minecraft:feather":1,"minecraft:leather":8,"biomesoplenty:jacaranda_planks":3,"minecraft:flint":1,"biomesoplenty:fir_sapling":1,"biomesoplenty:snowblossom_sapling":2,"minecraft:dirt":2,"minecraft:diorite":2,"minecraft:ink_sac":1,"minecraft:rose_bush":2,"minecraft:coast_armor_trim_smithing_template":1,"minecraft:cooked_salmon":4,"minecraft:sand":8,"biomesoplenty:toadstool":2,"minecraft:kelp":1,"minecraft:stone_sword":1,"minecraft:bowl":1,"minecraft:chicken":1,"minecraft:rotten_flesh":1,"minecraft:suspicious_stew":1,"minecraft:filled_map":1,"minecraft:rabbit_hide":2,"minecraft:potato":1,"biomesoplenty:fir_planks":1,"minecraft:gunpowder":1,"minecraft:melon_seeds":14,"minecraft:leather_leggings":7,"minecraft:spider_eye":7,"minecraft:spruce_log":11,"biomesoplenty:tall_lavender":11},"minecraft:used":{"minecraft:chest":2,"minecraft:shield":16,"minecraft:iron_sword":17,"minecraft:iron_chestplate":1,"minecraft:torch":4,"handcrafted:fox_trophy":1,"minecraft:dirt":42,"minecraft:mutton":1,"biomesoplenty:snowblossom_sapling":5,"minecraft:granite":1,"minecraft:snowball":1,"modernlife:bicycle_item":5,"minecraft:iron_axe":199,"minecraft:iron_helmet":1,"biomesoplenty:jacaranda_sapling":20,"minecraft:furnace":8,"minecraft:egg":1,"minecraft:cooked_beef":3,"minecraft:cooked_mutton":7,"minecraft:water_bucket":29,"minecraft:diorite":11,"minecraft:spruce_door":1,"minecraft:baked_potato":7,"minecraft:stone_pickaxe":77,"minecraft:oak_planks":33,"minecraft:wooden_pickaxe":5,"minecraft:glow_berries":5,"minecraft:sand":4,"minecraft:crafting_table":7,"minecraft:red_bed":3,"minecraft:blast_furnace":1,"biomesoplenty:jacaranda_planks":2,"minecraft:bread":5,"minecraft:iron_pickaxe":62,"minecraft:suspicious_stew":1,"minecraft:stone_axe":34,"minecraft:cobblestone":14,"minecraft:cooked_porkchop":2,"minecraft:bucket":30,"minecraft:oak_boat":7,"minecraft:dandelion":1,"minecraft:bone_meal":3},"minecraft:broken":{"minecraft:iron_axe":1},"minecraft:killed_by":{"minecraft:spider":1,"minecraft:skeleton":1}},"DataVersion":3465}