{"stats":{"minecraft:crafted":{"minecraft:cooked_beef":6,"minecraft:wooden_sword":1,"biomesoplenty:fir_boat":1,"minecraft:cooked_porkchop":7,"minecraft:leather_leggings":1,"minecraft:crafting_table":1,"minecraft:iron_helmet":1,"minecraft:cooked_chicken":1,"minecraft:wooden_pickaxe":1,"minecraft:furnace":1,"minecraft:blue_bed":1,"minecraft:stone_axe":1,"minecraft:air":0,"minecraft:blue_dye":1,"biomesoplenty:fir_planks":96,"minecraft:iron_chestplate":1,"minecraft:shield":1,"minecraft:stick":48,"minecraft:iron_ingot":17,"minecraft:leather_chestplate":1,"minecraft:iron_pickaxe":1,"minecraft:stone_pickaxe":2,"minecraft:wooden_axe":1,"minecraft:white_bed":2,"minecraft:torch":4},"minecraft:killed":{"minecraft:pig":5,"minecraft:creeper":1,"minecraft:horse":3,"minecraft:sheep":6,"minecraft:zombie":2,"minecraft:chicken":1,"minecraft:cow":16},"minecraft:used":{"minecraft:stone_pickaxe":93,"minecraft:wooden_pickaxe":59,"biomesoplenty:fir_planks":31,"biomesoplenty:fir_boat":1,"minecraft:cooked_chicken":1,"minecraft:torch":2,"minecraft:crafting_table":9,"minecraft:white_bed":1,"minecraft:wooden_axe":35,"minecraft:stone_axe":32,"minecraft:wooden_sword":61,"minecraft:cobblestone":75,"minecraft:furnace":4,"minecraft:cooked_beef":6},"minecraft:custom":{"minecraft:interact_with_furnace":21,"minecraft:mob_kills":35,"minecraft:interact_with_crafting_table":14,"minecraft:time_since_death":47313,"minecraft:time_since_rest":47451,"minecraft:sprint_one_cm":101421,"minecraft:damage_taken":1015,"minecraft:walk_one_cm":72052,"minecraft:drop":6,"minecraft:damage_dealt":4104,"minecraft:swim_one_cm":813,"minecraft:fly_one_cm":162309,"minecraft:crouch_one_cm":4950,"minecraft:play_time":51039,"minecraft:deaths":2,"minecraft:sneak_time":1634,"minecraft:walk_under_water_one_cm":168,"minecraft:boat_one_cm":43380,"minecraft:jump":856,"minecraft:walk_on_water_one_cm":3486,"minecraft:total_world_time":51039,"minecraft:fall_one_cm":27584},"minecraft:picked_up":{"minecraft:wooden_axe":1,"minecraft:crafting_table":10,"minecraft:chicken":1,"minecraft:andesite":1,"minecraft:leather":30,"biomesoplenty:fir_log":26,"minecraft:cornflower":1,"minecraft:string":2,"minecraft:wooden_sword":1,"minecraft:bone":2,"biomesoplenty:fir_boat":1,"biomesoplenty:fir_planks":34,"minecraft:beef":29,"minecraft:furnace":4,"biomesoplenty:toadstool":1,"minecraft:raw_iron":17,"minecraft:porkchop":13,"minecraft:rotten_flesh":2,"minecraft:arrow":1,"minecraft:mutton":8,"minecraft:coal":30,"minecraft:white_wool":6,"minecraft:cobblestone":109},"minecraft:killed_by":{"minecraft:zombie_villager":1,"minecraft:skeleton":1},"minecraft:mined":{"minecraft:powder_snow":19,"minecraft:crafting_table":9,"minecraft:cornflower":1,"minecraft:grass_block":2,"biomesoplenty:fir_planks":16,"minecraft:tall_grass":1,"minecraft:cobblestone":11,"biomesoplenty:sprout":1,"minecraft:furnace":4,"minecraft:iron_ore":17,"minecraft:andesite":1,"biomesoplenty:fir_log":24,"minecraft:grass":4,"minecraft:coal_ore":17,"biomesoplenty:fir_leaves":3,"minecraft:dirt":2,"minecraft:stone":100,"minecraft:oak_leaves":1,"minecraft:fern":1},"minecraft:dropped":{"biomesoplenty:toadstool":1,"minecraft:leather_chestplate":1,"minecraft:andesite":1,"minecraft:wooden_axe":2,"minecraft:wooden_sword":1},"minecraft:broken":{"minecraft:wooden_sword":1,"minecraft:wooden_pickaxe":1}},"DataVersion":3465}