{
  "minecraft:recipes/decorations/crafting_table": {
    "criteria": {
      "unlock_right_away": "2024-06-06 18:24:01 +0000"
    },
    "done": true
  },
  "betterdungeons:root": {
    "criteria": {
      "always": "2024-06-06 18:24:01 +0000"
    },
    "done": true
  },
  "betterdeserttemples:root": {
    "criteria": {
      "always": "2024-06-06 18:24:01 +0000"
    },
    "done": true
  },
  "dungeons_arise:wda_root": {
    "criteria": {
      "WDA": "2024-06-06 18:24:01 +0000"
    },
    "done": true
  },
  "advancednetherite:recipes/building_blocks/netherite_iron_block": {
    "criteria": {
      "has_the_recipe": "2024-06-06 18:24:03 +0000"
    },
    "done": true
  },
  "mcwfences:recipes/dark_oak": {
    "criteria": {
      "has_dark_oak": "2024-06-06 18:24:03 +0000"
    },
    "done": true
  },
  "mcwfences:recipes/crimson": {
    "criteria": {
      "has_crimson": "2024-06-06 18:24:03 +0000"
    },
    "done": true
  },
  "mcwfences:recipes/jungle": {
    "criteria": {
      "has_jungle": "2024-06-06 18:24:03 +0000"
    },
    "done": true
  },
  "naturalist:recipes/food/cooked_egg": {
    "criteria": {
      "has_eggs": "2024-06-06 18:24:03 +0000"
    },
    "done": true
  },
  "mcwfences:recipes/warped": {
    "criteria": {
      "has_warped": "2024-06-06 18:24:03 +0000"
    },
    "done": true
  },
  "croptopia:recipes/campfire_toast": {
    "criteria": {
      "has_bread": "2024-06-06 18:24:03 +0000"
    },
    "done": true
  },
  "advancednetherite:recipes/netherite_diamond_block": {
    "criteria": {
      "has_ingredients": "2024-06-06 18:24:03 +0000"
    },
    "done": true
  },
  "advancednetherite:recipes/misc/netherite_diamond_ingot": {
    "criteria": {
      "has_the_recipe": "2024-06-06 18:24:03 +0000"
    },
    "done": true
  },
  "mcwfences:recipes/birch": {
    "criteria": {
      "has_birch": "2024-06-06 18:24:03 +0000"
    },
    "done": true
  },
  "mcwfences:recipes/stone": {
    "criteria": {
      "has_stone": "2024-06-06 18:24:03 +0000"
    },
    "done": true
  },
  "advancednetherite:recipes/building_blocks/netherite_emerald_block": {
    "criteria": {
      "has_the_recipe": "2024-06-06 18:24:03 +0000"
    },
    "done": true
  },
  "mcwfences:recipes/sandstone": {
    "criteria": {
      "has_sand": "2024-06-06 18:24:03 +0000"
    },
    "done": true
  },
  "mcwfences:recipes/acacia": {
    "criteria": {
      "has_acacia": "2024-06-06 18:24:03 +0000"
    },
    "done": true
  },
  "mcwfences:recipes/oak": {
    "criteria": {
      "has_oak": "2024-06-06 18:24:03 +0000"
    },
    "done": true
  },
  "croptopia:recipes/cheeseburger": {
    "criteria": {
      "has_bread": "2024-06-06 18:24:03 +0000"
    },
    "done": true
  },
  "croptopia:recipes/food/toast_from_smoking_bread": {
    "criteria": {
      "has_bread": "2024-06-06 18:24:03 +0000"
    },
    "done": true
  },
  "mcwfences:recipes/hedge": {
    "criteria": {
      "has_birch": "2024-06-06 18:24:03 +0000"
    },
    "done": true
  },
  "advancednetherite:recipes/misc/netherite_emerald_ingot_from_block": {
    "criteria": {
      "has_the_recipe": "2024-06-06 18:24:03 +0000"
    },
    "done": true
  },
  "advancednetherite:recipes/netherite_iron_block": {
    "criteria": {
      "has_ingredients": "2024-06-06 18:24:03 +0000"
    },
    "done": true
  },
  "advancednetherite:recipes/netherite_ingots": {
    "criteria": {
      "has_ingredients": "2024-06-06 18:24:03 +0000"
    },
    "done": true
  },
  "advancednetherite:recipes/netherite_emerald_block": {
    "criteria": {
      "has_ingredients": "2024-06-06 18:24:03 +0000"
    },
    "done": true
  },
  "blockus:recipes/building_blocks/bread_box": {
    "criteria": {
      "has_bread": "2024-06-06 18:24:03 +0000"
    },
    "done": true
  },
  "advancednetherite:recipes/netherite_gold_block": {
    "criteria": {
      "has_ingredients": "2024-06-06 18:24:03 +0000"
    },
    "done": true
  },
  "advancednetherite:recipes/misc/netherite_diamond_ingot_from_block": {
    "criteria": {
      "has_the_recipe": "2024-06-06 18:24:03 +0000"
    },
    "done": true
  },
  "mcwfences:recipes/prismarine": {
    "criteria": {
      "has_qq": "2024-06-06 18:24:03 +0000"
    },
    "done": true
  },
  "mcwfences:recipes/quartz": {
    "criteria": {
      "has_qq": "2024-06-06 18:24:03 +0000"
    },
    "done": true
  },
  "mcwfences:recipes/mangrove": {
    "criteria": {
      "has_mangrove": "2024-06-06 18:24:03 +0000"
    },
    "done": true
  },
  "advancednetherite:recipes/building_blocks/netherite_diamond_block": {
    "criteria": {
      "has_the_recipe": "2024-06-06 18:24:03 +0000"
    },
    "done": true
  },
  "mcwfences:recipes/nether": {
    "criteria": {
      "has_nether_brick": "2024-06-06 18:24:03 +0000"
    },
    "done": true
  },
  "mcwfences:recipes/bamboo": {
    "criteria": {
      "has_bamboo": "2024-06-06 18:24:03 +0000"
    },
    "done": true
  },
  "advancednetherite:recipes/building_blocks/netherite_gold_block": {
    "criteria": {
      "has_the_recipe": "2024-06-06 18:24:03 +0000"
    },
    "done": true
  },
  "mcwfences:recipes/spruce": {
    "criteria": {
      "has_spruce": "2024-06-06 18:24:03 +0000"
    },
    "done": true
  },
  "advancednetherite:recipes/misc/netherite_gold_ingot": {
    "criteria": {
      "has_the_recipe": "2024-06-06 18:24:03 +0000"
    },
    "done": true
  },
  "advancednetherite:recipes/misc/netherite_gold_ingot_from_block": {
    "criteria": {
      "has_the_recipe": "2024-06-06 18:24:03 +0000"
    },
    "done": true
  },
  "croptopia:recipes/food/toast_from_bread": {
    "criteria": {
      "has_bread": "2024-06-06 18:24:03 +0000"
    },
    "done": true
  },
  "mcwfences:recipes/end": {
    "criteria": {
      "has_end_brick": "2024-06-06 18:24:03 +0000"
    },
    "done": true
  },
  "advancednetherite:recipes/misc/netherite_iron_ingot_from_block": {
    "criteria": {
      "has_the_recipe": "2024-06-06 18:24:03 +0000"
    },
    "done": true
  },
  "mcwfences:recipes/mud_brick": {
    "criteria": {
      "has_qq": "2024-06-06 18:24:03 +0000"
    },
    "done": true
  },
  "mcwfences:recipes/blackstone": {
    "criteria": {
      "has_blackstone": "2024-06-06 18:24:03 +0000"
    },
    "done": true
  },
  "advancednetherite:recipes/misc/netherite_emerald_ingot": {
    "criteria": {
      "has_the_recipe": "2024-06-06 18:24:03 +0000"
    },
    "done": true
  },
  "mcwfences:recipes/deepslate": {
    "criteria": {
      "has_deepslate": "2024-06-06 18:24:03 +0000"
    },
    "done": true
  },
  "advancednetherite:recipes/misc/netherite_iron_ingot": {
    "criteria": {
      "has_the_recipe": "2024-06-06 18:24:03 +0000"
    },
    "done": true
  },
  "wythers:world_explorer": {
    "criteria": {
      "wythers:tropical_forest_river": "2024-06-07 01:09:52 +0000",
      "wythers:dry_savanna": "2024-06-06 18:27:56 +0000",
      "wythers:tsingy_forest": "2024-06-07 01:10:13 +0000",
      "wythers:humid_tropical_grassland": "2024-06-07 01:09:28 +0000",
      "wythers:tropical_forest": "2024-06-07 01:09:53 +0000",
      "wythers:tropical_beach": "2024-06-07 01:08:46 +0000",
      "wythers:bamboo_jungle_highlands": "2024-06-07 01:10:19 +0000"
    },
    "done": false
  },
  "blockus:recipes/building_blocks/obsidian_circular_paving_from_obsidian_stonecutting": {
    "criteria": {
      "has_obsidian": "2024-06-07 01:11:37 +0000"
    },
    "done": true
  },
  "terrestria:recipes/transportation/japanese_maple_boat": {
    "criteria": {
      "in_water": "2024-06-07 01:10:38 +0000"
    },
    "done": true
  },
  "minecraft:nether/explore_nether": {
    "criteria": {
      "minecraft:crimson_forest": "2024-06-07 01:13:03 +0000",
      "minecraft:nether_wastes": "2024-06-07 01:12:36 +0000",
      "minecraft:soul_sand_valley": "2024-06-07 01:14:17 +0000"
    },
    "done": false
  },
  "minecraft:recipes/transportation/cherry_boat": {
    "criteria": {
      "in_water": "2024-06-07 01:10:38 +0000"
    },
    "done": true
  },
  "terrestria:recipes/transportation/yucca_palm_boat": {
    "criteria": {
      "in_water": "2024-06-07 01:10:38 +0000"
    },
    "done": true
  },
  "traverse:recipes/transportation/fir_boat": {
    "criteria": {
      "in_water": "2024-06-07 01:10:38 +0000"
    },
    "done": true
  },
  "blockus:recipes/building_blocks/small_obsidian_brick_wall_from_obsidian_stonecutting": {
    "criteria": {
      "has_obsidian": "2024-06-07 01:11:37 +0000"
    },
    "done": true
  },
  "netherdepthsupgrade:main/root": {
    "criteria": {
      "entered_nether": "2024-06-07 01:12:36 +0000"
    },
    "done": true
  },
  "terrestria:recipes/transportation/sakura_boat": {
    "criteria": {
      "in_water": "2024-06-07 01:10:38 +0000"
    },
    "done": true
  },
  "terrestria:recipes/transportation/willow_boat": {
    "criteria": {
      "in_water": "2024-06-07 01:10:38 +0000"
    },
    "done": true
  },
  "minecraft:recipes/transportation/acacia_boat": {
    "criteria": {
      "in_water": "2024-06-07 01:10:38 +0000"
    },
    "done": true
  },
  "blockus:recipes/building_blocks/obsidian_brick_stairs_from_obsidian_stonecutting": {
    "criteria": {
      "has_obsidian": "2024-06-07 01:11:37 +0000"
    },
    "done": true
  },
  "blockus:recipes/building_blocks/obsidian_bricks_from_obsidian_stonecutting": {
    "criteria": {
      "has_obsidian": "2024-06-07 01:11:37 +0000"
    },
    "done": true
  },
  "minecraft:recipes/transportation/jungle_boat": {
    "criteria": {
      "in_water": "2024-06-07 01:10:38 +0000"
    },
    "done": true
  },
  "minecraft:story/enter_the_nether": {
    "criteria": {
      "entered_nether": "2024-06-07 01:12:36 +0000"
    },
    "done": true
  },
  "blockus:recipes/redstone/obsidian_pressure_plate": {
    "criteria": {
      "has_obsidian": "2024-06-07 01:11:37 +0000"
    },
    "done": true
  },
  "minecraft:recipes/transportation/spruce_boat": {
    "criteria": {
      "in_water": "2024-06-07 01:10:38 +0000"
    },
    "done": true
  },
  "terrestria:recipes/transportation/rubber_boat": {
    "criteria": {
      "in_water": "2024-06-07 01:10:38 +0000"
    },
    "done": true
  },
  "additionallanterns:recipes/misc/obsidian_chain": {
    "criteria": {
      "recipe_condition": "2024-06-07 01:11:37 +0000"
    },
    "done": true
  },
  "minecraft:recipes/transportation/mangrove_boat": {
    "criteria": {
      "in_water": "2024-06-07 01:10:38 +0000"
    },
    "done": true
  },
  "minecraft:recipes/tools/flint_and_steel": {
    "criteria": {
      "has_obsidian": "2024-06-07 01:11:37 +0000"
    },
    "done": true
  },
  "blockus:recipes/redstone/obsidian_reinforced_trapdoor": {
    "criteria": {
      "has_obsidian": "2024-06-07 01:11:37 +0000"
    },
    "done": true
  },
  "blockus:recipes/redstone/obsidian_reinforced_door": {
    "criteria": {
      "has_obsidian": "2024-06-07 01:11:37 +0000"
    },
    "done": true
  },
  "minecraft:recipes/transportation/dark_oak_boat": {
    "criteria": {
      "in_water": "2024-06-07 01:10:38 +0000"
    },
    "done": true
  },
  "terrestria:recipes/transportation/rainbow_eucalyptus_boat": {
    "criteria": {
      "in_water": "2024-06-07 01:10:38 +0000"
    },
    "done": true
  },
  "blockus:recipes/building_blocks/obsidian_pillar_from_obsidian_stonecutting": {
    "criteria": {
      "has_obsidian": "2024-06-07 01:11:37 +0000"
    },
    "done": true
  },
  "blockus:recipes/building_blocks/raw_bamboo_raft": {
    "criteria": {
      "in_water": "2024-06-07 01:10:38 +0000"
    },
    "done": true
  },
  "minecraft:recipes/transportation/bamboo_raft": {
    "criteria": {
      "in_water": "2024-06-07 01:10:38 +0000"
    },
    "done": true
  },
  "terrestria:recipes/transportation/redwood_boat": {
    "criteria": {
      "in_water": "2024-06-07 01:10:38 +0000"
    },
    "done": true
  },
  "blockus:recipes/building_blocks/small_obsidian_bricks_from_obsidian_stonecutting": {
    "criteria": {
      "has_obsidian": "2024-06-07 01:11:37 +0000"
    },
    "done": true
  },
  "blockus:recipes/building_blocks/small_obsidian_brick_stairs_from_obsidian_stonecutting": {
    "criteria": {
      "has_obsidian": "2024-06-07 01:11:37 +0000"
    },
    "done": true
  },
  "blockus:recipes/building_blocks/obsidian_brick_slab_from_obsidian_stonecutting": {
    "criteria": {
      "has_obsidian": "2024-06-07 01:11:37 +0000"
    },
    "done": true
  },
  "minecraft:story/form_obsidian": {
    "criteria": {
      "obsidian": "2024-06-07 01:11:37 +0000"
    },
    "done": true
  },
  "blockus:recipes/building_blocks/charred_boat": {
    "criteria": {
      "in_water": "2024-06-07 01:10:38 +0000"
    },
    "done": true
  },
  "blockus:recipes/building_blocks/small_obsidian_brick_slab_from_obsidian_stonecutting": {
    "criteria": {
      "has_obsidian": "2024-06-07 01:11:37 +0000"
    },
    "done": true
  },
  "blockus:recipes/building_blocks/white_oak_boat": {
    "criteria": {
      "in_water": "2024-06-07 01:10:38 +0000"
    },
    "done": true
  },
  "terrestria:recipes/transportation/cypress_boat": {
    "criteria": {
      "in_water": "2024-06-07 01:10:38 +0000"
    },
    "done": true
  },
  "minecraft:recipes/transportation/birch_boat": {
    "criteria": {
      "in_water": "2024-06-07 01:10:38 +0000"
    },
    "done": true
  },
  "minecraft:recipes/transportation/oak_boat": {
    "criteria": {
      "in_water": "2024-06-07 01:10:38 +0000"
    },
    "done": true
  },
  "terrestria:recipes/transportation/hemlock_boat": {
    "criteria": {
      "in_water": "2024-06-07 01:10:38 +0000"
    },
    "done": true
  },
  "blockus:recipes/building_blocks/obsidian_bricks": {
    "criteria": {
      "has_obsidian": "2024-06-07 01:11:37 +0000"
    },
    "done": true
  },
  "blockus:recipes/building_blocks/obsidian_brick_wall_from_obsidian_stonecutting": {
    "criteria": {
      "has_obsidian": "2024-06-07 01:11:37 +0000"
    },
    "done": true
  },
  "minecraft:nether/root": {
    "criteria": {
      "entered_nether": "2024-06-07 01:12:36 +0000"
    },
    "done": true
  },
  "minecraft:adventure/adventuring_time": {
    "criteria": {
      "minecraft:bamboo_jungle": "2024-06-07 01:10:29 +0000"
    },
    "done": false
  },
  "minecraft:nether/find_bastion": {
    "criteria": {
      "bastion": "2024-06-07 01:13:47 +0000"
    },
    "done": true
  },
  "minecraft:nether/fast_travel": {
    "criteria": {
      "travelled": "2024-06-07 01:15:00 +0000"
    },
    "done": true
  },
  "minecraft:recipes/decorations/enchanting_table": {
    "criteria": {
      "has_obsidian": "2024-06-07 01:11:37 +0000"
    },
    "done": true
  },
  "DataVersion": 3465
}